machine_id,location_id,store_name,month,game_type,location_type,distance_from_hq_miles,days_active,avg_bet,payout_rate,total_in,total_out,total_net,number_of_services,machine_swapouts,monthly_revenue
M0017,L040,Eagle Ridge Gaming,2025-06-01,Classic Reels,Gaming Hall,13.9,27,1.49,0.897,1877.52,1689.65,187.87,2,1,-400.18
M0140,L003,Lone Star Game Center,2026-04-01,A-Liner,Convenience Store,57.5,30,1.74,0.948,1200.0,1145.11,54.89,1,0,362.46
M0118,L018,Copper Creek Gaming,2025-01-01,Life of Luxury,Restaurant,18.0,21,2.24,0.915,3833.53,3388.67,444.86,1,0,-206.0
M0079,L021,Cedar Grove Gaming,2025-09-01,Classic Reels,Gaming Hall,50.0,26,1.2,0.858,2241.71,1876.7,365.01,0,0,87.87
M0078,L036,Greenfield Game Center,2026-03-01,Pot of Gold,Gaming Hall,32.5,23,2.45,0.91,7874.12,6880.7,993.42,0,0,951.83
M0155,L006,Westfield Game Center,2026-06-01,Classic Reels,Bar,45.7,28,2.17,0.885,6494.25,5853.09,641.16,0,0,413.9
M0016,L020,Brazos Bend Gaming,2025-05-01,A-Liner,Restaurant,25.5,30,1.41,0.933,1200.0,1146.78,53.22,0,0,309.39
M0126,L007,Magnolia Gaming Hall,2025-12-01,Pot of Gold,Convenience Store,47.3,20,1.04,0.93,1200.0,1110.03,89.97,1,0,-739.41
M0037,L036,Greenfield Game Center,2025-04-01,Pot of Gold,Restaurant,76.9,21,0.86,0.902,1200.0,1079.94,120.06,0,0,-900.0
M0017,L029,Meadowbrook Gaming,2025-03-01,Classic Reels,Bar,113.5,31,1.8,0.896,3486.54,3088.93,397.61,1,0,903.74
M0095,L023,Willow Creek Gaming,2025-07-01,Life of Luxury,Gaming Hall,158.2,25,1.24,0.928,2506.56,2345.13,161.43,0,0,-124.37
M0176,L018,Copper Creek Gaming,2026-04-01,Video Poker,Convenience Store,15.3,23,2.31,0.91,2092.31,1883.8,208.51,2,0,217.26
M0133,L007,Magnolia Gaming Hall,2026-01-01,Classic Reels,Gaming Hall,49.9,21,1.28,0.921,1200.0,1123.29,76.71,4,0,-900.0
M0138,L042,Market Square Gaming,2025-09-01,A-Liner,Restaurant,139.7,24,1.15,0.919,1200.0,1102.38,97.62,0,0,-431.43
M0130,L030,Crossroads Game Center,2025-06-01,Life of Luxury,Gaming Hall,69.5,20,1.78,0.903,2349.98,2098.39,251.59,2,0,-900.0
M0142,L015,Prairie View Gaming,2025-03-01,Classic Reels,Gaming Hall,15.2,22,1.27,0.92,2018.22,1856.96,161.26,0,0,-117.77
M0093,L019,Lakeview Game Center,2025-05-01,Video Poker,Bar,52.4,22,1.65,0.913,1894.24,1760.83,133.41,0,0,-224.66
M0024,L033,Spring Creek Gaming,2025-03-01,Pot of Gold,Bar,69.6,21,2.19,0.922,3219.56,2952.96,266.6,0,0,91.67
M0152,L033,Spring Creek Gaming,2025-04-01,Life of Luxury,Convenience Store,55.1,31,1.71,0.877,2034.54,1739.97,294.57,0,0,762.16
M0082,L021,Cedar Grove Gaming,2026-01-01,Life of Luxury,Bar,102.0,29,1.72,0.925,4124.53,3797.37,327.16,1,1,985.02
M0091,L014,Clearwater Gaming Hall,2025-03-01,Fire Link,Truck Stop,106.3,31,1.76,0.936,4278.89,3990.71,288.18,1,0,781.37
M0067,L030,Crossroads Game Center,2025-01-01,Classic Reels,Restaurant,44.6,22,0.72,0.918,1200.0,1075.37,124.63,0,0,-703.44
M0033,L030,Crossroads Game Center,2025-10-01,Fire Link,Truck Stop,83.5,23,1.87,0.925,4671.8,4334.42,337.38,1,1,-888.14
M0167,L027,Northgate Gaming Hall,2025-06-01,A-Liner,Convenience Store,33.5,23,1.74,0.907,2480.46,2264.84,215.62,0,0,137.52
M0141,L004,Katy Oaks Gaming,2025-09-01,Life of Luxury,Convenience Store,54.1,26,2.14,0.932,2751.7,2626.0,125.7,1,1,-776.25
M0116,L022,Horizon Game Center,2025-03-01,Pot of Gold,Convenience Store,41.4,22,1.98,0.912,2104.55,1885.7,218.85,0,0,87.99
M0073,L028,Southpoint Game Center,2025-04-01,Life of Luxury,Bar,36.7,22,1.54,0.881,3439.49,3060.34,379.15,1,0,262.0
M0149,L043,Victory Lane Gaming,2025-08-01,Classic Reels,Bar,55.8,31,2.22,0.931,1435.35,1352.96,82.39,1,0,788.46
M0099,L024,Metro Star Gaming,2026-01-01,A-Liner,Convenience Store,20.2,24,1.49,0.869,2231.39,1952.99,278.4,0,0,-279.59
M0080,L016,Red Oak Game Center,2025-08-01,Fire Link,Gaming Hall,96.5,29,1.79,0.917,2926.11,2647.89,278.22,0,0,1002.68
M0082,L026,Stonebridge Gaming,2025-10-01,Classic Reels,Gaming Hall,36.8,22,1.48,0.9,2690.14,2386.75,303.39,1,0,-61.62
M0041,L008,Silver Creek Gaming,2025-10-01,Pot of Gold,Truck Stop,93.4,31,1.9,0.899,3456.12,3111.08,345.04,2,1,-19.7
M0017,L005,Gulf Coast Gaming,2025-05-01,Life of Luxury,Gaming Hall,24.1,28,1.44,0.914,1440.55,1318.22,122.33,0,1,36.44
M0100,L031,Oak Ridge Gaming,2025-06-01,Life of Luxury,Convenience Store,36.7,30,2.56,0.892,2511.46,2223.36,288.1,1,0,722.03
M0160,L045,Summit Point Gaming,2025-08-01,Video Poker,Convenience Store,20.1,26,2.76,0.923,4204.49,3945.91,258.58,0,0,3.91
M0012,L039,Crescent Bay Game Center,2025-01-01,Classic Reels,Gaming Hall,19.4,30,2.13,0.911,3011.72,2729.19,282.53,1,1,405.31
M0155,L027,Northgate Gaming Hall,2026-01-01,A-Liner,Truck Stop,26.9,24,2.5,0.895,2186.85,1907.54,279.31,2,1,142.47
M0149,L002,Cypress Point Gaming,2025-12-01,Pot of Gold,Gaming Hall,24.4,25,0.8,0.943,1200.0,1128.37,71.63,0,0,507.1
M0050,L045,Summit Point Gaming,2025-06-01,Life of Luxury,Truck Stop,20.3,20,0.87,0.915,1208.15,1112.42,95.73,1,0,-508.85
M0114,L021,Cedar Grove Gaming,2025-07-01,A-Liner,Restaurant,51.5,22,1.47,0.926,2724.03,2533.63,190.4,1,1,-564.14
M0030,L014,Clearwater Gaming Hall,2025-06-01,Fire Link,Gaming Hall,76.8,29,1.67,0.945,1334.38,1266.34,68.04,3,0,-227.34
M0137,L041,Palms Gaming Center,2025-12-01,Video Poker,Gaming Hall,79.6,23,1.54,0.945,6716.23,6467.25,248.98,1,0,-366.76
M0127,L034,Highland Park Gaming,2026-02-01,Classic Reels,Bar,10.2,21,0.75,0.924,1200.0,1092.75,107.25,1,0,-900.0
M0064,L034,Highland Park Gaming,2025-02-01,Fire Link,Bar,41.2,23,2.28,0.902,3799.07,3407.44,391.63,1,0,204.66
M0013,L013,Heritage Oaks Gaming,2025-08-01,Classic Reels,Gaming Hall,38.1,24,2.83,0.874,2904.67,2592.54,312.13,0,0,464.22
M0175,L045,Summit Point Gaming,2025-01-01,Video Poker,Truck Stop,122.3,28,2.35,0.915,3228.06,2877.47,350.59,0,0,345.34
M0081,L021,Cedar Grove Gaming,2025-09-01,Fire Link,Gaming Hall,42.4,21,2.25,0.937,3550.77,3324.78,225.99,3,0,-900.0
M0161,L024,Metro Star Gaming,2025-05-01,A-Liner,Restaurant,48.4,20,1.77,0.919,1200.0,1120.5,79.5,1,0,-611.63
M0123,L034,Highland Park Gaming,2025-07-01,Video Poker,Gaming Hall,14.3,28,1.19,0.824,1340.0,1123.68,216.32,0,0,1052.21
M0141,L030,Crossroads Game Center,2025-09-01,Life of Luxury,Truck Stop,26.3,21,1.69,0.932,3111.39,2924.46,186.93,2,0,-106.31
M0137,L008,Silver Creek Gaming,2025-06-01,Video Poker,Gaming Hall,13.5,25,2.81,0.933,2049.32,1928.87,120.45,2,0,-155.97
M0036,L014,Clearwater Gaming Hall,2025-08-01,Pot of Gold,Bar,53.9,28,1.46,0.902,2600.42,2313.09,287.33,0,0,1334.86
M0066,L017,Grand Parkway Gaming,2026-02-01,A-Liner,Convenience Store,124.8,26,1.4,0.935,1200.0,1141.77,58.23,2,0,769.25
M0085,L043,Victory Lane Gaming,2026-03-01,Classic Reels,Gaming Hall,27.1,21,2.26,0.926,1619.9,1476.7,143.2,1,0,-596.71
M0090,L033,Spring Creek Gaming,2025-01-01,A-Liner,Restaurant,42.6,28,2.3,0.893,5966.02,5246.01,720.01,1,0,538.22
M0008,L017,Grand Parkway Gaming,2025-07-01,Fire Link,Gaming Hall,24.5,20,1.18,0.942,1200.0,1135.99,64.01,3,0,-481.57
M0099,L034,Highland Park Gaming,2026-04-01,A-Liner,Convenience Store,31.4,22,1.51,0.878,1200.0,1046.5,153.5,0,1,-900.0
M0028,L034,Highland Park Gaming,2025-10-01,Pot of Gold,Convenience Store,54.7,21,1.37,0.909,1200.0,1093.78,106.22,3,1,-734.28
M0134,L018,Copper Creek Gaming,2025-04-01,Life of Luxury,Convenience Store,163.8,26,1.69,0.906,1278.27,1164.72,113.55,2,0,-317.12
M0123,L019,Lakeview Game Center,2025-11-01,Life of Luxury,Gaming Hall,120.8,28,2.26,0.889,3868.82,3521.93,346.89,0,0,645.22
M0167,L041,Palms Gaming Center,2025-03-01,A-Liner,Gaming Hall,144.3,27,1.21,0.918,1924.79,1776.98,147.81,0,0,-115.8
M0135,L026,Stonebridge Gaming,2025-01-01,Fire Link,Gaming Hall,94.0,21,2.25,0.943,3615.7,3382.77,232.93,2,0,-852.03
M0066,L007,Magnolia Gaming Hall,2025-12-01,Life of Luxury,Bar,42.2,24,1.71,0.941,1935.89,1837.39,98.5,1,0,-900.0
M0175,L033,Spring Creek Gaming,2025-10-01,Video Poker,Gaming Hall,37.9,21,2.93,0.928,2587.14,2375.04,212.1,1,1,-35.35
M0074,L027,Northgate Gaming Hall,2026-02-01,Fire Link,Truck Stop,27.2,24,1.83,0.868,3461.77,3042.75,419.02,0,0,667.37
M0059,L023,Willow Creek Gaming,2025-07-01,Fire Link,Bar,3.4,22,1.6,0.877,1893.84,1662.37,231.47,1,0,125.4
M0163,L033,Spring Creek Gaming,2026-04-01,Fire Link,Convenience Store,41.7,28,1.97,0.914,2047.42,1881.18,166.24,1,0,397.28
M0067,L041,Palms Gaming Center,2025-08-01,Life of Luxury,Bar,126.0,29,1.46,0.909,3980.57,3533.28,447.29,0,0,-301.64
M0014,L015,Prairie View Gaming,2026-02-01,Classic Reels,Gaming Hall,125.0,29,0.66,0.898,1200.0,1045.19,154.81,0,0,26.33
M0085,L019,Lakeview Game Center,2025-02-01,Fire Link,Bar,180.0,22,1.52,0.958,3018.91,2837.72,181.19,0,0,-470.1
M0144,L009,Pine Ridge Game Center,2025-02-01,Pot of Gold,Gaming Hall,57.7,20,1.51,0.913,3300.61,3082.6,218.01,4,2,-900.0
M0035,L030,Crossroads Game Center,2026-03-01,Video Poker,Bar,17.5,20,0.77,0.924,1243.19,1131.58,111.61,2,1,-900.0
M0084,L019,Lakeview Game Center,2026-04-01,Classic Reels,Bar,73.4,30,1.61,0.935,2737.02,2583.17,153.85,0,0,75.44
M0024,L016,Red Oak Game Center,2026-05-01,Classic Reels,Bar,164.9,30,0.51,0.911,1200.0,1083.96,116.04,0,0,323.61
M0124,L032,Bay Area Game Center,2025-06-01,Video Poker,Truck Stop,136.8,22,1.46,0.97,1535.28,1484.8,50.48,2,0,-696.79
M0086,L019,Lakeview Game Center,2025-01-01,Video Poker,Gaming Hall,34.6,30,1.78,0.886,2734.08,2420.93,313.15,1,1,683.49
M0060,L021,Cedar Grove Gaming,2026-06-01,Life of Luxury,Bar,19.0,26,1.7,0.895,1200.0,1097.67,102.33,2,0,777.14
M0041,L020,Brazos Bend Gaming,2025-11-01,A-Liner,Gaming Hall,18.5,22,1.42,0.886,2345.1,2094.21,250.89,4,0,-302.15
M0102,L012,Riverstone Game Center,2025-05-01,A-Liner,Bar,28.7,23,1.6,0.949,1838.26,1753.0,85.26,1,0,-367.2
M0121,L006,Westfield Game Center,2026-02-01,Life of Luxury,Restaurant,32.3,23,1.22,0.93,1756.73,1661.09,95.64,0,0,606.96
M0170,L038,Liberty Point Gaming,2026-05-01,Life of Luxury,Gaming Hall,39.8,29,1.66,0.896,2791.11,2479.63,311.48,0,0,-12.95
M0079,L005,Gulf Coast Gaming,2025-06-01,Pot of Gold,Convenience Store,80.2,22,1.68,0.888,2106.37,1897.46,208.91,0,0,-900.0
M0029,L015,Prairie View Gaming,2026-02-01,A-Liner,Bar,38.8,22,1.15,0.945,1200.0,1146.98,53.02,0,0,-680.45
M0150,L031,Oak Ridge Gaming,2026-03-01,Classic Reels,Gaming Hall,52.4,28,1.8,0.919,1572.69,1462.1,110.59,3,0,255.28
M0114,L006,Westfield Game Center,2025-10-01,Classic Reels,Truck Stop,12.6,23,1.79,0.945,1200.0,1131.77,68.23,1,0,-217.88
M0127,L030,Crossroads Game Center,2025-12-01,Life of Luxury,Bar,27.2,23,1.56,0.908,1684.9,1521.05,163.85,0,0,-533.26
M0018,L033,Spring Creek Gaming,2025-05-01,Life of Luxury,Restaurant,26.2,29,2.98,0.923,2721.45,2483.49,237.96,0,0,253.74
M0057,L030,Crossroads Game Center,2026-05-01,Fire Link,Bar,10.5,31,1.57,0.918,1863.02,1692.21,170.81,0,0,246.74
M0139,L014,Clearwater Gaming Hall,2026-06-01,Fire Link,Truck Stop,38.1,26,1.5,0.894,2691.8,2376.85,314.95,1,0,-263.07
M0150,L001,Bayou Star Gaming,2026-06-01,Video Poker,Gaming Hall,12.7,29,1.42,0.906,1950.22,1775.48,174.74,2,0,970.34
M0079,L040,Eagle Ridge Gaming,2026-02-01,Video Poker,Bar,36.0,30,1.12,0.88,1200.0,1052.71,147.29,0,0,495.11
M0145,L015,Prairie View Gaming,2025-01-01,Video Poker,Restaurant,55.3,27,2.03,0.922,6703.13,6214.99,488.14,0,0,1260.86
M0152,L037,Fairway Gaming Hall,2025-07-01,Classic Reels,Bar,127.4,29,1.27,0.929,1525.98,1426.57,99.41,1,0,-262.85
M0070,L009,Pine Ridge Game Center,2025-09-01,Video Poker,Bar,25.1,20,1.34,0.935,1200.0,1106.74,93.26,0,0,-219.18
M0162,L008,Silver Creek Gaming,2026-06-01,Fire Link,Truck Stop,54.2,20,1.35,0.927,1209.92,1105.77,104.15,3,0,-716.42
M0052,L036,Greenfield Game Center,2025-10-01,Pot of Gold,Convenience Store,30.3,30,1.11,0.907,1323.6,1196.87,126.73,0,0,911.58
M0044,L043,Victory Lane Gaming,2025-10-01,Pot of Gold,Convenience Store,12.0,21,0.69,0.949,1200.0,1127.64,72.36,1,0,-370.03
M0123,L039,Crescent Bay Game Center,2025-03-01,Fire Link,Convenience Store,128.3,28,1.4,0.932,3152.09,2904.45,247.64,0,0,759.31
M0115,L034,Highland Park Gaming,2026-03-01,Life of Luxury,Restaurant,57.2,25,2.13,0.945,2259.12,2180.84,78.28,0,0,218.41
M0026,L012,Riverstone Game Center,2025-07-01,Pot of Gold,Truck Stop,70.8,29,1.76,0.946,6314.78,5857.59,457.19,1,0,147.82
M0150,L042,Market Square Gaming,2025-02-01,Video Poker,Convenience Store,142.1,27,2.51,0.907,2124.76,1978.74,146.02,1,0,258.87
M0036,L031,Oak Ridge Gaming,2026-06-01,Life of Luxury,Gaming Hall,35.9,20,2.06,0.92,3017.54,2786.6,230.94,0,0,-289.14
M0145,L008,Silver Creek Gaming,2025-04-01,Video Poker,Gaming Hall,16.7,24,1.64,0.929,4108.88,3865.78,243.1,4,0,-680.61
M0002,L006,Westfield Game Center,2025-01-01,Classic Reels,Convenience Store,24.8,28,2.69,0.881,4313.59,3845.22,468.37,0,0,947.82
M0144,L040,Eagle Ridge Gaming,2025-02-01,A-Liner,Restaurant,15.3,31,1.6,0.882,3459.53,3076.92,382.61,0,0,1273.94
M0142,L013,Heritage Oaks Gaming,2025-09-01,A-Liner,Bar,105.8,29,1.68,0.878,1949.01,1750.1,198.91,0,0,201.11
M0141,L035,Woodland Star Gaming,2025-02-01,Life of Luxury,Gaming Hall,169.0,30,1.64,0.907,2992.68,2675.49,317.19,2,0,133.14
M0120,L007,Magnolia Gaming Hall,2026-04-01,A-Liner,Gaming Hall,54.9,31,2.5,0.902,1470.59,1323.71,146.88,0,0,74.66
M0085,L013,Heritage Oaks Gaming,2025-10-01,Life of Luxury,Bar,81.7,30,1.65,0.874,2263.66,1955.27,308.39,2,0,-347.12
M0127,L013,Heritage Oaks Gaming,2025-06-01,Video Poker,Restaurant,96.6,26,1.29,0.914,2195.55,1962.05,233.5,0,0,52.93
M0050,L013,Heritage Oaks Gaming,2025-01-01,Life of Luxury,Gaming Hall,148.2,24,1.97,0.908,4239.15,3815.51,423.64,0,0,457.22
M0141,L031,Oak Ridge Gaming,2025-09-01,Life of Luxury,Convenience Store,164.5,26,1.2,0.94,1217.0,1171.33,45.67,1,0,-519.99
M0101,L042,Market Square Gaming,2025-03-01,Classic Reels,Restaurant,8.1,29,1.94,0.96,4339.21,4156.61,182.6,0,0,1109.49
M0083,L041,Palms Gaming Center,2026-06-01,A-Liner,Truck Stop,31.0,25,1.88,0.921,1897.21,1792.49,104.72,0,1,-338.89
M0092,L034,Highland Park Gaming,2025-06-01,Fire Link,Gaming Hall,50.5,29,1.55,0.893,2285.4,2098.07,187.33,0,0,484.75
M0103,L010,Bluebonnet Gaming,2025-09-01,A-Liner,Truck Stop,28.0,28,1.96,0.926,2136.56,2055.25,81.31,0,0,199.77
M0007,L044,Town Center Game Hall,2025-01-01,Pot of Gold,Convenience Store,40.6,22,0.83,0.91,1200.0,1119.44,80.56,0,0,127.1
M0026,L025,Parkside Game Center,2025-03-01,A-Liner,Restaurant,67.7,31,1.74,0.904,2796.97,2607.61,189.36,0,0,202.31
M0045,L025,Parkside Game Center,2025-04-01,Life of Luxury,Gaming Hall,66.4,30,1.4,0.888,2898.96,2585.59,313.37,2,0,406.45
M0021,L032,Bay Area Game Center,2025-01-01,Life of Luxury,Bar,94.6,27,3.22,0.898,5622.66,5064.55,558.11,0,0,388.81
M0080,L035,Woodland Star Gaming,2026-02-01,Pot of Gold,Convenience Store,51.3,22,1.74,0.906,1371.63,1247.55,124.08,1,0,-620.63
M0121,L043,Victory Lane Gaming,2026-06-01,Life of Luxury,Bar,3.9,22,1.32,0.93,1409.17,1310.53,98.64,2,0,-444.64
M0118,L027,Northgate Gaming Hall,2026-06-01,Life of Luxury,Bar,38.1,30,0.89,0.923,1200.0,1109.76,90.24,0,0,463.92
M0085,L028,Southpoint Game Center,2025-05-01,Fire Link,Convenience Store,63.1,20,2.37,0.956,2559.61,2470.09,89.52,1,0,-181.78
M0154,L034,Highland Park Gaming,2026-03-01,Life of Luxury,Convenience Store,99.1,25,1.46,0.91,1541.84,1420.67,121.17,0,0,-79.06
M0102,L012,Riverstone Game Center,2025-10-01,Life of Luxury,Gaming Hall,89.7,27,1.21,0.921,1240.94,1122.39,118.55,1,0,309.97
M0015,L014,Clearwater Gaming Hall,2025-01-01,Fire Link,Bar,46.3,22,1.83,0.902,2172.64,1969.2,203.44,2,0,-300.68
M0138,L029,Meadowbrook Gaming,2025-02-01,Pot of Gold,Gaming Hall,29.4,30,2.01,0.884,3480.52,3047.84,432.68,2,0,1229.43
M0104,L003,Lone Star Game Center,2025-10-01,A-Liner,Truck Stop,47.9,26,2.0,0.896,5287.02,4699.78,587.24,2,0,264.55
M0115,L015,Prairie View Gaming,2025-08-01,Video Poker,Truck Stop,9.5,20,1.66,0.893,1200.0,1069.54,130.46,1,0,-619.98
M0102,L033,Spring Creek Gaming,2025-01-01,Fire Link,Gaming Hall,31.8,23,1.74,0.846,3192.56,2686.65,505.91,2,1,59.12
M0100,L044,Town Center Game Hall,2026-05-01,Video Poker,Gaming Hall,111.4,24,1.78,0.885,1519.82,1365.29,154.53,0,0,-232.13
M0017,L024,Metro Star Gaming,2026-02-01,Pot of Gold,Gaming Hall,47.8,22,1.84,0.95,2053.71,1946.92,106.79,1,0,-123.73
M0101,L018,Copper Creek Gaming,2025-10-01,Pot of Gold,Bar,65.0,31,1.88,0.919,3454.49,3222.78,231.71,0,0,1675.47
M0144,L020,Brazos Bend Gaming,2026-06-01,Classic Reels,Truck Stop,14.7,24,2.25,0.901,2197.89,1985.73,212.16,0,0,-360.56
M0055,L031,Oak Ridge Gaming,2026-06-01,Classic Reels,Bar,98.6,26,1.68,0.92,1834.1,1685.42,148.68,0,0,689.27
M0109,L025,Parkside Game Center,2026-06-01,Classic Reels,Gaming Hall,44.5,26,1.2,0.861,1857.2,1602.58,254.62,1,1,-364.67
M0006,L002,Cypress Point Gaming,2025-05-01,Pot of Gold,Gaming Hall,63.4,22,1.57,0.917,1801.39,1623.95,177.44,0,0,400.08
M0063,L025,Parkside Game Center,2026-04-01,Classic Reels,Gaming Hall,73.4,26,2.06,0.942,4041.31,3823.31,218.0,0,0,484.65
M0079,L019,Lakeview Game Center,2025-10-01,Fire Link,Restaurant,96.2,24,0.67,0.907,1200.0,1100.63,99.37,1,1,-322.74
M0177,L032,Bay Area Game Center,2026-02-01,Life of Luxury,Convenience Store,56.7,20,0.67,0.866,1200.0,1053.47,146.53,0,0,-524.84
M0039,L040,Eagle Ridge Gaming,2026-04-01,Pot of Gold,Convenience Store,45.3,24,2.16,0.9,2592.9,2291.54,301.36,1,0,-124.58
M0050,L044,Town Center Game Hall,2025-03-01,Video Poker,Bar,17.9,27,2.49,0.942,3439.57,3177.38,262.19,0,0,122.48
M0074,L028,Southpoint Game Center,2025-09-01,Pot of Gold,Truck Stop,13.4,21,0.95,0.916,1466.37,1333.75,132.62,1,1,-673.21
M0179,L017,Grand Parkway Gaming,2025-03-01,Classic Reels,Bar,55.9,29,1.71,0.875,2392.47,2133.16,259.31,0,0,449.83
M0154,L020,Brazos Bend Gaming,2025-06-01,A-Liner,Restaurant,63.7,27,1.43,0.969,1874.29,1821.16,53.13,0,0,189.52
M0007,L008,Silver Creek Gaming,2025-08-01,Classic Reels,Truck Stop,48.7,23,1.51,0.879,1345.94,1170.57,175.37,0,0,-747.46
M0043,L043,Victory Lane Gaming,2026-04-01,Classic Reels,Bar,25.2,27,1.82,0.904,1306.49,1158.29,148.2,0,0,278.81
M0148,L039,Crescent Bay Game Center,2026-04-01,Classic Reels,Truck Stop,32.0,23,0.94,0.884,1200.0,1050.95,149.05,1,0,302.85
M0011,L039,Crescent Bay Game Center,2025-08-01,Life of Luxury,Gaming Hall,55.2,27,1.04,0.884,1200.0,1049.98,150.02,1,0,560.97
M0155,L015,Prairie View Gaming,2025-06-01,Pot of Gold,Convenience Store,35.3,21,1.48,0.899,2839.96,2585.01,254.95,2,0,-461.87
M0051,L015,Prairie View Gaming,2025-10-01,A-Liner,Gaming Hall,180.0,27,1.57,0.926,1200.0,1125.78,74.22,2,0,812.3
M0166,L039,Crescent Bay Game Center,2026-05-01,Fire Link,Bar,31.5,20,1.03,0.942,1942.9,1805.73,137.17,2,1,-900.0
M0053,L025,Parkside Game Center,2026-06-01,Pot of Gold,Gaming Hall,66.8,20,2.08,0.9,1884.86,1713.41,171.45,1,0,-522.48
M0079,L032,Bay Area Game Center,2025-05-01,Life of Luxury,Gaming Hall,87.9,23,1.42,0.885,3316.66,2961.14,355.52,0,0,-553.8
M0120,L023,Willow Creek Gaming,2025-04-01,Life of Luxury,Gaming Hall,91.6,22,1.42,0.922,1200.0,1089.41,110.59,3,0,-852.23
M0023,L020,Brazos Bend Gaming,2026-01-01,Pot of Gold,Bar,34.8,25,1.81,0.923,2152.21,1984.33,167.88,0,0,892.47
M0101,L029,Meadowbrook Gaming,2025-06-01,Pot of Gold,Convenience Store,73.7,21,1.58,0.916,2654.96,2442.8,212.16,0,0,-484.61
M0091,L037,Fairway Gaming Hall,2025-04-01,Video Poker,Bar,67.5,22,2.11,0.917,2927.14,2689.92,237.22,0,0,-801.91
M0142,L016,Red Oak Game Center,2025-01-01,Life of Luxury,Bar,75.9,21,1.14,0.907,1200.0,1063.77,136.23,3,0,-402.17
M0180,L037,Fairway Gaming Hall,2025-08-01,Video Poker,Truck Stop,54.7,30,0.88,0.912,1200.0,1096.29,103.71,0,0,643.98
M0120,L011,Sunset Bay Gaming,2025-08-01,Video Poker,Truck Stop,88.3,28,1.48,0.905,1200.0,1095.16,104.84,1,0,458.39
M0074,L019,Lakeview Game Center,2025-11-01,Pot of Gold,Gaming Hall,59.4,22,1.68,0.937,4331.42,4140.64,190.78,1,0,-393.63
M0074,L042,Market Square Gaming,2025-04-01,Classic Reels,Bar,16.0,21,0.97,0.966,1200.0,1149.57,50.43,0,0,-801.62
M0076,L043,Victory Lane Gaming,2026-01-01,A-Liner,Convenience Store,58.2,30,0.89,0.914,1200.0,1088.95,111.05,0,0,375.62
M0147,L042,Market Square Gaming,2026-01-01,A-Liner,Restaurant,63.1,28,1.75,0.91,2196.31,1993.14,203.17,3,0,189.01
M0058,L015,Prairie View Gaming,2025-09-01,Pot of Gold,Bar,84.2,30,1.23,0.916,1200.0,1103.39,96.61,0,0,416.59
M0031,L038,Liberty Point Gaming,2025-04-01,Life of Luxury,Restaurant,56.0,22,0.85,0.894,1200.0,1074.2,125.8,0,0,-96.17
M0061,L043,Victory Lane Gaming,2025-10-01,Pot of Gold,Gaming Hall,150.5,24,2.18,0.929,2816.99,2637.41,179.58,1,0,-451.21
M0005,L045,Summit Point Gaming,2026-01-01,A-Liner,Bar,46.5,21,1.3,0.921,1392.89,1264.04,128.85,1,0,-294.39
M0020,L001,Bayou Star Gaming,2025-07-01,Video Poker,Restaurant,33.4,25,2.28,0.899,1820.19,1645.02,175.17,0,1,-213.68
M0017,L034,Highland Park Gaming,2025-05-01,A-Liner,Convenience Store,121.1,21,1.67,0.933,1200.0,1108.91,91.09,0,0,-836.6
M0139,L045,Summit Point Gaming,2025-10-01,Classic Reels,Restaurant,45.6,20,1.81,0.91,1200.0,1089.94,110.06,3,2,-900.0
M0131,L035,Woodland Star Gaming,2025-07-01,Video Poker,Gaming Hall,52.3,26,1.53,0.886,2979.8,2701.18,278.62,1,0,44.23
M0126,L011,Sunset Bay Gaming,2025-08-01,A-Liner,Gaming Hall,63.1,31,0.25,0.919,1200.0,1082.67,117.33,0,0,868.49
M0084,L035,Woodland Star Gaming,2025-07-01,Pot of Gold,Gaming Hall,59.5,27,1.02,0.916,1799.78,1642.56,157.22,2,2,-189.58
M0130,L005,Gulf Coast Gaming,2025-06-01,Video Poker,Gaming Hall,75.5,29,1.58,0.934,3833.87,3522.19,311.68,0,0,777.37
M0030,L022,Horizon Game Center,2026-01-01,Fire Link,Gaming Hall,80.9,29,1.85,0.931,3400.31,3171.93,228.38,0,0,-111.59
M0163,L029,Meadowbrook Gaming,2025-09-01,Pot of Gold,Bar,31.1,31,0.67,0.907,1200.0,1103.49,96.51,0,0,227.96
M0091,L021,Cedar Grove Gaming,2025-09-01,Fire Link,Convenience Store,19.3,21,1.62,0.898,1271.38,1144.29,127.09,2,0,-809.66
M0169,L032,Bay Area Game Center,2025-12-01,Video Poker,Convenience Store,21.5,23,1.03,0.91,1349.7,1226.34,123.36,1,1,-900.0
M0028,L011,Sunset Bay Gaming,2025-07-01,Life of Luxury,Bar,112.4,27,1.78,0.919,2710.42,2534.08,176.34,0,0,-35.32
M0090,L028,Southpoint Game Center,2025-02-01,Fire Link,Gaming Hall,42.8,29,1.64,0.922,2589.41,2397.71,191.7,0,0,972.45
M0126,L030,Crossroads Game Center,2026-04-01,Pot of Gold,Convenience Store,87.4,29,2.06,0.918,1348.47,1251.16,97.31,1,0,479.93
M0090,L029,Meadowbrook Gaming,2025-02-01,Pot of Gold,Gaming Hall,82.4,28,2.24,0.908,6504.79,5962.18,542.61,0,0,589.98
M0081,L014,Clearwater Gaming Hall,2025-11-01,Pot of Gold,Truck Stop,52.3,23,1.9,0.935,1768.17,1592.21,175.96,1,0,40.12
M0030,L014,Clearwater Gaming Hall,2025-05-01,Classic Reels,Gaming Hall,24.9,24,2.12,0.893,2707.54,2415.34,292.2,4,0,-235.27
M0069,L012,Riverstone Game Center,2025-04-01,Video Poker,Convenience Store,83.7,20,1.46,0.97,3032.14,2901.95,130.19,1,0,-692.04
M0043,L021,Cedar Grove Gaming,2025-01-01,Pot of Gold,Truck Stop,51.0,23,3.2,0.929,5788.29,5319.72,468.57,0,0,684.02
M0055,L027,Northgate Gaming Hall,2026-05-01,Life of Luxury,Convenience Store,18.2,21,0.98,0.882,1665.75,1498.67,167.08,1,0,-667.19
M0124,L017,Grand Parkway Gaming,2025-08-01,Life of Luxury,Convenience Store,35.6,31,1.36,0.915,1354.24,1233.04,121.2,0,0,636.94
M0114,L019,Lakeview Game Center,2025-07-01,Pot of Gold,Convenience Store,12.3,21,2.15,0.91,3064.13,2916.17,147.96,3,0,-900.0
M0110,L013,Heritage Oaks Gaming,2026-02-01,A-Liner,Gaming Hall,36.9,24,2.06,0.901,2755.97,2436.57,319.4,0,0,-237.55
M0066,L010,Bluebonnet Gaming,2025-01-01,A-Liner,Convenience Store,54.2,30,1.92,0.873,2466.94,2121.56,345.38,1,0,12.35
M0173,L030,Crossroads Game Center,2025-11-01,A-Liner,Truck Stop,47.1,31,2.02,0.884,7109.3,6349.66,759.64,0,0,826.17
M0016,L037,Fairway Gaming Hall,2025-09-01,Fire Link,Truck Stop,43.0,24,0.5,0.924,1200.0,1103.88,96.12,1,0,-124.66
M0062,L014,Clearwater Gaming Hall,2025-10-01,A-Liner,Bar,53.8,25,2.52,0.866,2856.55,2484.31,372.24,0,0,157.31
M0022,L039,Crescent Bay Game Center,2025-03-01,Pot of Gold,Bar,72.4,26,1.54,0.874,1428.87,1246.91,181.96,1,0,-58.35
M0062,L026,Stonebridge Gaming,2026-06-01,Pot of Gold,Restaurant,92.1,29,2.34,0.91,4616.84,4253.44,363.4,1,1,30.87
M0174,L008,Silver Creek Gaming,2025-05-01,Video Poker,Convenience Store,100.5,29,0.53,0.904,1200.0,1080.42,119.58,1,0,904.98
M0066,L017,Grand Parkway Gaming,2026-01-01,Classic Reels,Gaming Hall,28.3,26,1.79,0.893,3727.21,3336.43,390.78,0,0,-27.75
M0164,L001,Bayou Star Gaming,2026-02-01,Video Poker,Gaming Hall,107.1,24,1.34,0.898,1200.0,1086.84,113.16,2,0,-900.0
M0090,L002,Cypress Point Gaming,2025-07-01,Video Poker,Gaming Hall,51.0,24,1.96,0.873,3386.74,3022.24,364.5,0,0,-133.37
M0126,L016,Red Oak Game Center,2025-03-01,A-Liner,Bar,39.5,27,1.82,0.922,1675.45,1540.69,134.76,0,0,202.83
M0083,L021,Cedar Grove Gaming,2025-06-01,Video Poker,Gaming Hall,22.0,30,1.85,0.89,4320.89,3825.18,495.71,2,1,566.27
M0048,L036,Greenfield Game Center,2026-03-01,Fire Link,Gaming Hall,68.9,20,1.07,0.897,1471.81,1310.99,160.82,3,0,-503.35
M0138,L007,Magnolia Gaming Hall,2026-05-01,Pot of Gold,Gaming Hall,67.1,29,1.62,0.919,2406.69,2254.2,152.49,1,1,426.23
M0175,L038,Liberty Point Gaming,2026-05-01,Pot of Gold,Truck Stop,33.1,25,1.55,0.904,1828.42,1668.04,160.38,0,0,66.44
M0048,L011,Sunset Bay Gaming,2025-05-01,Pot of Gold,Gaming Hall,33.8,21,1.92,0.892,1803.82,1567.9,235.92,3,0,-684.33
M0141,L007,Magnolia Gaming Hall,2025-11-01,Pot of Gold,Gaming Hall,45.8,21,2.19,0.86,4252.04,3557.61,694.43,1,0,785.33
M0048,L032,Bay Area Game Center,2025-03-01,Fire Link,Bar,38.9,24,1.73,0.919,1493.09,1357.28,135.81,1,0,-900.0
M0130,L035,Woodland Star Gaming,2026-01-01,Classic Reels,Gaming Hall,27.2,22,0.95,0.912,1200.0,1097.71,102.29,1,2,-900.0
M0143,L028,Southpoint Game Center,2025-08-01,Classic Reels,Truck Stop,20.0,21,1.71,0.897,1856.83,1664.83,192.0,1,0,-182.03
M0081,L006,Westfield Game Center,2026-01-01,A-Liner,Truck Stop,107.9,23,3.09,0.884,6772.2,6028.46,743.74,0,0,1134.57
M0133,L006,Westfield Game Center,2026-01-01,Pot of Gold,Bar,35.4,30,2.56,0.91,4025.27,3654.52,370.75,0,1,-217.86
M0050,L018,Copper Creek Gaming,2026-06-01,Classic Reels,Bar,66.9,28,0.25,0.922,1200.0,1126.52,73.48,0,0,48.71
M0015,L021,Cedar Grove Gaming,2025-09-01,Fire Link,Bar,76.1,22,1.68,0.912,2346.88,2162.1,184.78,0,0,-750.76
M0018,L045,Summit Point Gaming,2025-07-01,Pot of Gold,Gaming Hall,69.2,28,2.16,0.951,1599.11,1522.24,76.87,0,0,-446.28
M0081,L013,Heritage Oaks Gaming,2025-10-01,Life of Luxury,Gaming Hall,78.9,25,1.55,0.928,1411.07,1328.87,82.2,1,0,-228.77
M0163,L009,Pine Ridge Game Center,2025-03-01,Life of Luxury,Gaming Hall,68.6,28,1.4,0.907,2033.8,1804.41,229.39,0,0,775.52
M0023,L043,Victory Lane Gaming,2025-03-01,Life of Luxury,Gaming Hall,30.6,22,1.5,0.928,1480.78,1372.65,108.13,2,0,47.08
M0083,L007,Magnolia Gaming Hall,2025-10-01,Classic Reels,Convenience Store,40.6,20,1.95,0.911,1200.0,1095.18,104.82,0,0,-714.8
M0127,L002,Cypress Point Gaming,2026-03-01,Classic Reels,Gaming Hall,106.0,23,1.02,0.911,1750.19,1607.07,143.12,2,0,-185.65
M0037,L020,Brazos Bend Gaming,2025-10-01,A-Liner,Gaming Hall,34.6,31,2.3,0.942,4393.53,4048.28,345.25,1,0,693.36
M0130,L019,Lakeview Game Center,2026-03-01,Pot of Gold,Bar,51.1,26,1.62,0.888,2354.25,2083.22,271.03,0,0,500.57
M0056,L028,Southpoint Game Center,2025-04-01,Classic Reels,Bar,72.6,20,1.14,0.911,1200.0,1098.97,101.03,1,0,-161.7
M0146,L040,Eagle Ridge Gaming,2025-09-01,A-Liner,Gaming Hall,131.8,31,2.27,0.94,4012.63,3794.85,217.78,0,0,507.14
M0105,L042,Market Square Gaming,2025-12-01,Life of Luxury,Gaming Hall,99.8,29,0.8,0.918,1764.74,1645.15,119.59,1,0,727.83
M0099,L014,Clearwater Gaming Hall,2025-07-01,A-Liner,Gaming Hall,24.1,26,1.34,0.901,1713.27,1559.31,153.96,0,0,-260.42
M0032,L045,Summit Point Gaming,2025-01-01,Fire Link,Gaming Hall,65.4,28,1.34,0.867,3142.35,2722.12,420.23,0,0,989.88
M0084,L029,Meadowbrook Gaming,2025-02-01,Fire Link,Restaurant,60.2,22,2.83,0.853,2202.16,1896.28,305.88,1,0,249.45
M0155,L004,Katy Oaks Gaming,2026-05-01,Pot of Gold,Truck Stop,40.9,27,1.27,0.962,1992.35,1911.83,80.52,0,0,629.3
M0004,L043,Victory Lane Gaming,2025-11-01,Fire Link,Bar,52.2,30,0.46,0.918,1273.2,1171.04,102.16,1,0,-104.83
M0137,L007,Magnolia Gaming Hall,2025-05-01,Pot of Gold,Bar,30.4,25,1.33,0.895,2971.92,2688.21,283.71,2,1,-430.22
M0089,L027,Northgate Gaming Hall,2025-05-01,Pot of Gold,Restaurant,45.2,20,1.9,0.919,3122.62,2867.99,254.63,2,0,-456.22
M0130,L036,Greenfield Game Center,2025-01-01,Pot of Gold,Convenience Store,34.9,29,2.08,0.886,2920.37,2600.13,320.24,1,0,688.62
M0120,L012,Riverstone Game Center,2026-06-01,Video Poker,Gaming Hall,55.0,28,2.9,0.902,4680.78,4276.06,404.72,0,0,714.61
M0078,L013,Heritage Oaks Gaming,2025-02-01,Life of Luxury,Gaming Hall,39.8,28,2.42,0.886,3406.31,3047.1,359.21,0,0,1208.35
M0056,L022,Horizon Game Center,2026-02-01,Fire Link,Bar,138.2,27,1.75,0.875,1226.08,1090.97,135.11,0,0,-411.22
M0113,L040,Eagle Ridge Gaming,2025-05-01,Life of Luxury,Convenience Store,56.3,21,1.16,0.857,1200.0,1061.93,138.07,1,0,-608.28
M0026,L011,Sunset Bay Gaming,2025-07-01,Video Poker,Gaming Hall,48.9,21,2.54,0.87,2821.81,2478.78,343.03,1,0,-900.0
M0106,L030,Crossroads Game Center,2025-05-01,A-Liner,Gaming Hall,43.4,29,1.45,0.936,2211.86,2058.06,153.8,2,1,182.27
M0018,L021,Cedar Grove Gaming,2026-03-01,Video Poker,Bar,39.8,30,1.29,0.885,3296.0,2937.2,358.8,0,0,1017.94
M0117,L006,Westfield Game Center,2025-01-01,Life of Luxury,Gaming Hall,18.2,20,1.42,0.923,3047.71,2830.18,217.53,1,0,1048.01
M0114,L032,Bay Area Game Center,2025-07-01,Pot of Gold,Bar,87.3,26,0.96,0.934,1200.0,1129.63,70.37,0,0,480.39
M0016,L038,Liberty Point Gaming,2025-06-01,A-Liner,Convenience Store,121.2,26,1.39,0.91,1880.14,1744.66,135.48,4,1,-720.33
M0137,L026,Stonebridge Gaming,2025-05-01,Life of Luxury,Bar,34.5,24,1.52,0.903,1478.34,1305.06,173.28,1,0,15.56
M0075,L008,Silver Creek Gaming,2025-04-01,Classic Reels,Gaming Hall,105.6,27,2.05,0.913,3829.69,3566.08,263.61,2,1,-442.05
M0142,L008,Silver Creek Gaming,2026-05-01,Video Poker,Gaming Hall,180.0,30,1.44,0.9,3474.27,3203.99,270.28,2,0,259.13
M0008,L020,Brazos Bend Gaming,2025-07-01,Fire Link,Restaurant,165.2,29,0.95,0.94,2340.88,2216.38,124.5,1,0,251.93
M0033,L023,Willow Creek Gaming,2025-08-01,Video Poker,Bar,117.7,21,0.77,0.957,1200.0,1156.93,43.07,2,0,-900.0
M0089,L025,Parkside Game Center,2025-07-01,A-Liner,Gaming Hall,20.3,25,1.77,0.946,3771.78,3557.17,214.61,1,1,-159.37
M0034,L011,Sunset Bay Gaming,2026-06-01,Life of Luxury,Gaming Hall,20.1,31,1.69,0.856,1427.67,1222.19,205.48,2,0,567.51
M0060,L023,Willow Creek Gaming,2025-07-01,Fire Link,Restaurant,78.7,22,1.35,0.899,2582.99,2343.74,239.25,0,0,577.63
M0119,L014,Clearwater Gaming Hall,2025-07-01,Pot of Gold,Restaurant,51.4,30,1.39,0.91,1915.48,1757.65,157.83,1,0,370.67
M0027,L031,Oak Ridge Gaming,2025-06-01,Classic Reels,Truck Stop,7.5,25,1.86,0.922,2069.38,1925.87,143.51,0,0,-192.03
M0122,L036,Greenfield Game Center,2025-06-01,Pot of Gold,Convenience Store,37.6,26,2.41,0.867,1200.0,1049.42,150.58,0,0,289.34
M0019,L030,Crossroads Game Center,2025-02-01,Life of Luxury,Bar,76.3,23,1.22,0.866,1200.0,1052.14,147.86,0,0,-112.72
M0032,L001,Bayou Star Gaming,2025-11-01,A-Liner,Bar,45.7,31,1.7,0.943,4244.7,4042.82,201.88,3,1,-101.49
M0106,L045,Summit Point Gaming,2025-01-01,Pot of Gold,Gaming Hall,51.6,26,2.18,0.896,3042.46,2688.65,353.81,3,1,-840.48
M0143,L002,Cypress Point Gaming,2025-05-01,Pot of Gold,Convenience Store,20.1,26,1.22,0.873,1845.94,1629.94,216.0,0,0,233.14
M0031,L045,Summit Point Gaming,2025-04-01,A-Liner,Convenience Store,37.2,25,1.64,0.882,1522.72,1377.0,145.72,2,0,-454.57
M0054,L002,Cypress Point Gaming,2025-06-01,Pot of Gold,Gaming Hall,78.9,21,1.63,0.92,3486.07,3206.07,280.0,0,0,-289.89
M0167,L024,Metro Star Gaming,2026-02-01,Fire Link,Truck Stop,35.8,29,0.93,0.889,1750.35,1587.56,162.79,0,0,837.76
M0179,L005,Gulf Coast Gaming,2025-11-01,Life of Luxury,Bar,111.2,23,1.74,0.916,1333.75,1207.03,126.72,5,1,-900.0
M0105,L005,Gulf Coast Gaming,2026-06-01,Life of Luxury,Gaming Hall,52.5,22,1.67,0.886,2295.1,2032.64,262.46,0,0,-151.4
M0081,L031,Oak Ridge Gaming,2025-07-01,Life of Luxury,Bar,68.8,29,1.96,0.866,5629.72,4832.02,797.7,1,0,1210.96
M0063,L033,Spring Creek Gaming,2026-05-01,Classic Reels,Truck Stop,77.7,22,1.0,0.946,1214.62,1169.13,45.49,1,0,-619.54
M0111,L006,Westfield Game Center,2025-01-01,Video Poker,Truck Stop,75.6,28,1.66,0.92,2172.16,2041.15,131.01,2,0,1123.31
M0107,L044,Town Center Game Hall,2025-10-01,Pot of Gold,Bar,23.5,25,2.41,0.902,8363.34,7533.78,829.56,1,0,817.85
M0054,L015,Prairie View Gaming,2026-03-01,Video Poker,Truck Stop,27.1,29,2.79,0.897,6544.17,5962.08,582.09,0,0,407.56
M0005,L015,Prairie View Gaming,2025-10-01,A-Liner,Truck Stop,7.4,20,2.35,0.947,3179.43,3073.9,105.53,0,0,-737.19
M0028,L014,Clearwater Gaming Hall,2026-05-01,A-Liner,Restaurant,40.5,29,1.0,0.925,1318.89,1219.45,99.44,0,0,-25.53
M0173,L021,Cedar Grove Gaming,2025-06-01,Classic Reels,Truck Stop,25.4,22,1.9,0.939,2550.56,2398.95,151.61,0,0,-527.4
M0076,L009,Pine Ridge Game Center,2025-01-01,Classic Reels,Bar,35.0,30,1.38,0.895,2419.35,2186.62,232.73,1,0,721.01
M0087,L020,Brazos Bend Gaming,2026-02-01,Classic Reels,Restaurant,43.7,24,1.81,0.911,1200.0,1081.07,118.93,3,1,-900.0
M0085,L010,Bluebonnet Gaming,2025-02-01,Fire Link,Convenience Store,57.4,20,1.23,0.92,1339.14,1233.78,105.36,0,0,-603.14
M0141,L003,Lone Star Game Center,2026-02-01,Fire Link,Restaurant,46.2,25,0.71,0.896,1200.0,1106.06,93.94,0,0,529.9
M0012,L017,Grand Parkway Gaming,2026-02-01,Life of Luxury,Gaming Hall,45.6,20,1.46,0.908,1436.06,1295.33,140.73,1,0,-713.76
M0015,L031,Oak Ridge Gaming,2026-04-01,Pot of Gold,Restaurant,65.1,23,2.05,0.895,2012.78,1822.06,190.72,2,1,-420.28
M0050,L035,Woodland Star Gaming,2025-09-01,A-Liner,Truck Stop,50.0,28,1.81,0.92,1235.99,1144.88,91.11,0,0,-421.69
M0088,L016,Red Oak Game Center,2026-05-01,Pot of Gold,Bar,91.5,26,1.87,0.877,1200.0,1050.04,149.96,0,0,-31.59
M0121,L015,Prairie View Gaming,2025-04-01,Life of Luxury,Truck Stop,50.1,28,1.77,0.924,4462.16,4134.9,327.26,0,0,185.11
M0089,L036,Greenfield Game Center,2025-08-01,Pot of Gold,Bar,132.3,30,1.87,0.918,3601.13,3381.57,219.56,2,1,37.29
M0080,L031,Oak Ridge Gaming,2025-03-01,Life of Luxury,Gaming Hall,22.7,25,1.94,0.905,1200.0,1093.97,106.03,1,0,-449.8
M0169,L038,Liberty Point Gaming,2026-02-01,A-Liner,Gaming Hall,40.0,26,1.5,0.921,1677.42,1559.19,118.23,0,0,1049.18
M0029,L041,Palms Gaming Center,2026-01-01,A-Liner,Restaurant,30.8,20,1.7,0.901,1970.0,1812.81,157.19,0,0,-900.0
M0103,L037,Fairway Gaming Hall,2026-03-01,Fire Link,Convenience Store,59.0,23,2.61,0.893,2444.63,2174.56,270.07,0,0,447.54
M0098,L043,Victory Lane Gaming,2026-02-01,Pot of Gold,Bar,22.7,28,1.73,0.924,4353.86,3968.27,385.59,0,0,1038.07
M0086,L019,Lakeview Game Center,2025-06-01,Fire Link,Convenience Store,14.8,20,1.67,0.925,2409.47,2279.89,129.58,0,0,-227.64
M0146,L018,Copper Creek Gaming,2025-02-01,Fire Link,Bar,26.4,24,1.71,0.897,1292.72,1161.69,131.03,1,1,-387.18
M0049,L015,Prairie View Gaming,2026-05-01,Classic Reels,Bar,15.8,21,1.53,0.895,1271.76,1151.86,119.9,0,0,460.11
M0172,L011,Sunset Bay Gaming,2025-09-01,A-Liner,Truck Stop,44.1,30,1.41,0.905,1661.08,1488.08,173.0,0,0,1593.21
M0060,L034,Highland Park Gaming,2025-02-01,Fire Link,Convenience Store,57.3,26,1.76,0.896,1200.0,1080.79,119.21,0,0,40.25
M0099,L033,Spring Creek Gaming,2026-05-01,Fire Link,Restaurant,12.8,27,1.37,0.948,1200.0,1121.8,78.2,0,0,336.74
M0094,L037,Fairway Gaming Hall,2026-06-01,Video Poker,Convenience Store,38.1,28,1.57,0.918,1200.0,1102.52,97.48,0,0,57.51
M0153,L008,Silver Creek Gaming,2025-09-01,Classic Reels,Truck Stop,99.6,22,1.22,0.91,1200.0,1082.67,117.33,0,0,-829.62
M0080,L023,Willow Creek Gaming,2026-02-01,Fire Link,Gaming Hall,118.7,20,1.71,0.887,2672.31,2342.19,330.12,2,1,-663.61
M0052,L010,Bluebonnet Gaming,2025-01-01,Fire Link,Gaming Hall,83.1,24,1.97,0.928,5124.48,4736.88,387.6,1,0,172.46
M0004,L041,Palms Gaming Center,2025-02-01,Pot of Gold,Gaming Hall,4.6,22,1.53,0.895,2707.17,2348.41,358.76,1,1,-900.0
M0066,L013,Heritage Oaks Gaming,2025-05-01,Video Poker,Convenience Store,53.7,23,0.55,0.894,1200.0,1056.1,143.9,3,1,-696.53
M0149,L007,Magnolia Gaming Hall,2025-12-01,Life of Luxury,Convenience Store,107.3,23,1.97,0.929,1635.66,1534.89,100.77,1,1,-603.71
M0002,L026,Stonebridge Gaming,2025-03-01,Life of Luxury,Restaurant,35.3,29,1.72,0.92,2837.84,2622.65,215.19,1,0,126.75
M0162,L040,Eagle Ridge Gaming,2025-01-01,Video Poker,Bar,18.5,23,1.1,0.847,1200.0,1000.93,199.07,1,0,-451.86
M0098,L042,Market Square Gaming,2026-01-01,Classic Reels,Gaming Hall,102.1,21,2.08,0.906,1863.84,1700.89,162.95,1,0,-303.2
M0026,L005,Gulf Coast Gaming,2026-02-01,Pot of Gold,Convenience Store,111.9,31,0.88,0.913,2641.01,2383.41,257.6,0,0,1334.06
M0055,L015,Prairie View Gaming,2026-02-01,Pot of Gold,Truck Stop,49.8,20,2.22,0.902,1200.0,1092.8,107.2,2,0,-526.47
M0100,L007,Magnolia Gaming Hall,2026-03-01,Pot of Gold,Gaming Hall,18.7,22,1.62,0.914,1200.0,1095.13,104.87,0,0,187.84
M0057,L014,Clearwater Gaming Hall,2026-03-01,A-Liner,Gaming Hall,11.3,24,0.4,0.865,1200.0,1033.32,166.68,1,0,-420.78
M0020,L025,Parkside Game Center,2025-11-01,Pot of Gold,Gaming Hall,63.2,20,1.75,0.839,2014.02,1687.56,326.46,1,0,-518.13
M0120,L013,Heritage Oaks Gaming,2025-10-01,Video Poker,Bar,31.0,30,1.43,0.886,1200.0,1100.06,99.94,1,0,636.57
M0122,L004,Katy Oaks Gaming,2026-04-01,Video Poker,Gaming Hall,47.5,24,1.34,0.917,1200.0,1089.47,110.53,0,0,-599.8
M0022,L023,Willow Creek Gaming,2025-07-01,Fire Link,Bar,43.9,29,1.24,0.829,1364.11,1134.56,229.55,0,1,358.31
M0051,L003,Lone Star Game Center,2025-02-01,A-Liner,Convenience Store,25.3,21,1.58,0.889,1781.97,1600.88,181.09,1,0,-214.55
M0044,L011,Sunset Bay Gaming,2026-02-01,Life of Luxury,Bar,10.7,26,1.38,0.862,3006.61,2556.97,449.64,1,0,389.5
M0119,L001,Bayou Star Gaming,2025-05-01,Pot of Gold,Bar,36.0,21,0.63,0.904,1409.0,1246.78,162.22,0,0,-127.9
M0132,L004,Katy Oaks Gaming,2026-06-01,Classic Reels,Gaming Hall,55.2,22,2.35,0.959,1346.85,1281.91,64.94,2,0,-537.69
M0131,L020,Brazos Bend Gaming,2025-08-01,Pot of Gold,Truck Stop,57.0,24,1.52,0.905,1200.0,1096.94,103.06,1,0,-448.4
M0169,L039,Crescent Bay Game Center,2026-04-01,Pot of Gold,Bar,29.5,30,1.25,0.907,1200.0,1083.48,116.52,1,0,-77.07
M0139,L035,Woodland Star Gaming,2025-01-01,Life of Luxury,Bar,110.5,23,1.03,0.931,2051.47,1904.23,147.24,1,0,-381.6
M0058,L005,Gulf Coast Gaming,2025-12-01,Pot of Gold,Gaming Hall,20.3,29,2.07,0.911,4631.94,4270.32,361.62,0,0,1308.5
M0020,L002,Cypress Point Gaming,2025-09-01,Fire Link,Convenience Store,94.5,21,0.94,0.905,1200.0,1074.39,125.61,1,0,-112.75
M0111,L016,Red Oak Game Center,2025-09-01,Classic Reels,Truck Stop,54.0,23,1.72,0.933,1946.36,1813.88,132.48,0,0,-309.8
M0165,L030,Crossroads Game Center,2025-05-01,Classic Reels,Gaming Hall,36.3,27,1.33,0.922,1807.93,1634.07,173.86,0,0,157.49
M0176,L034,Highland Park Gaming,2026-06-01,A-Liner,Gaming Hall,68.9,25,1.36,0.917,1200.0,1105.02,94.98,1,0,-310.47
M0042,L038,Liberty Point Gaming,2025-08-01,Classic Reels,Gaming Hall,42.0,26,1.04,0.907,1739.44,1582.46,156.98,1,0,-104.5
M0043,L016,Red Oak Game Center,2026-04-01,Fire Link,Convenience Store,14.6,28,1.31,0.901,1555.27,1416.15,139.12,1,1,100.31
M0007,L008,Silver Creek Gaming,2025-08-01,Classic Reels,Truck Stop,19.1,20,1.65,0.933,1200.0,1103.11,96.89,1,0,-133.49
M0026,L002,Cypress Point Gaming,2025-01-01,Fire Link,Bar,40.1,28,1.78,0.902,3601.5,3240.26,361.24,0,0,1571.55
M0100,L007,Magnolia Gaming Hall,2026-04-01,Life of Luxury,Bar,32.7,30,1.22,0.941,1516.27,1403.55,112.72,0,0,201.69
M0099,L003,Lone Star Game Center,2025-04-01,Video Poker,Restaurant,93.1,29,1.6,0.884,2095.03,1845.82,249.21,4,0,176.71
M0067,L039,Crescent Bay Game Center,2025-05-01,Life of Luxury,Restaurant,31.6,23,2.14,0.946,2047.65,1973.49,74.16,1,0,-80.37
M0056,L013,Heritage Oaks Gaming,2026-04-01,Pot of Gold,Gaming Hall,30.1,24,0.74,0.922,1680.29,1542.76,137.53,2,0,-340.2
M0150,L038,Liberty Point Gaming,2026-05-01,Life of Luxury,Gaming Hall,27.1,31,1.65,0.886,3428.32,2981.3,447.02,1,0,397.83
M0083,L025,Parkside Game Center,2026-05-01,Fire Link,Bar,25.2,29,1.13,0.923,1265.05,1157.32,107.73,3,0,195.97
M0146,L025,Parkside Game Center,2025-08-01,Fire Link,Restaurant,25.9,31,1.07,0.894,1897.49,1659.67,237.82,0,0,1700.59
M0174,L021,Cedar Grove Gaming,2026-02-01,Fire Link,Restaurant,16.7,30,1.79,0.911,3115.39,2789.68,325.71,1,0,731.54
M0058,L037,Fairway Gaming Hall,2025-06-01,Video Poker,Convenience Store,55.6,25,1.35,0.898,1587.78,1438.61,149.17,0,0,-312.8
M0037,L002,Cypress Point Gaming,2026-02-01,Life of Luxury,Restaurant,44.7,21,0.98,0.907,1410.41,1254.76,155.65,3,2,-900.0
M0172,L005,Gulf Coast Gaming,2025-10-01,Fire Link,Gaming Hall,43.3,22,2.38,0.934,2779.3,2606.28,173.02,0,0,-574.01
M0115,L020,Brazos Bend Gaming,2025-01-01,Life of Luxury,Bar,12.0,23,2.16,0.923,3294.02,3041.4,252.62,1,1,-371.05
M0053,L018,Copper Creek Gaming,2025-08-01,Classic Reels,Gaming Hall,64.9,30,0.59,0.882,1200.0,1050.75,149.25,0,0,820.47
M0112,L025,Parkside Game Center,2025-09-01,Pot of Gold,Truck Stop,69.4,23,0.84,0.883,1200.0,1062.87,137.13,0,0,-425.38
M0093,L034,Highland Park Gaming,2025-05-01,Pot of Gold,Convenience Store,128.2,24,1.98,0.917,1808.14,1637.72,170.42,2,1,-900.0
M0163,L027,Northgate Gaming Hall,2025-07-01,Fire Link,Gaming Hall,66.8,30,1.49,0.919,5763.11,5354.45,408.66,0,0,997.73
M0047,L012,Riverstone Game Center,2025-10-01,A-Liner,Gaming Hall,145.0,21,2.48,0.893,2683.43,2373.82,309.61,0,0,-503.18
M0179,L015,Prairie View Gaming,2025-01-01,Classic Reels,Restaurant,28.9,27,1.99,0.95,2592.14,2450.51,141.63,1,1,-524.17
M0169,L034,Highland Park Gaming,2025-03-01,A-Liner,Restaurant,132.7,26,1.81,0.93,1200.0,1108.72,91.28,1,0,-506.99
M0033,L010,Bluebonnet Gaming,2026-02-01,Classic Reels,Convenience Store,68.3,31,1.09,0.894,1200.0,1082.73,117.27,0,0,688.93
M0030,L023,Willow Creek Gaming,2025-07-01,Fire Link,Gaming Hall,62.6,25,1.92,0.892,2307.57,2073.43,234.14,0,0,50.05
M0096,L025,Parkside Game Center,2025-11-01,Pot of Gold,Truck Stop,42.5,26,0.95,0.904,3990.1,3481.52,508.58,1,0,827.11
M0009,L034,Highland Park Gaming,2025-11-01,Pot of Gold,Restaurant,36.1,30,2.37,0.902,2478.33,2243.01,235.32,0,0,1050.53
M0054,L033,Spring Creek Gaming,2025-10-01,Pot of Gold,Convenience Store,30.7,31,1.88,0.941,2575.44,2369.57,205.87,0,0,601.42
M0079,L021,Cedar Grove Gaming,2025-08-01,Life of Luxury,Convenience Store,135.6,28,1.2,0.935,1436.37,1337.12,99.25,2,1,-663.74
M0175,L014,Clearwater Gaming Hall,2025-09-01,Fire Link,Truck Stop,41.5,28,2.09,0.911,1765.86,1606.41,159.45,1,0,340.05
M0179,L017,Grand Parkway Gaming,2026-03-01,Fire Link,Truck Stop,69.2,30,2.88,0.927,4118.71,3800.64,318.07,3,1,-30.9
M0028,L019,Lakeview Game Center,2026-06-01,A-Liner,Convenience Store,79.6,31,1.53,0.931,2065.5,1935.39,130.11,0,0,-218.19
M0161,L010,Bluebonnet Gaming,2025-05-01,Fire Link,Bar,78.8,28,1.95,0.911,3197.87,2940.89,256.98,0,0,1237.88
M0017,L029,Meadowbrook Gaming,2026-01-01,A-Liner,Bar,55.8,23,1.41,0.92,1200.0,1092.86,107.14,2,0,-162.2
M0135,L010,Bluebonnet Gaming,2026-06-01,A-Liner,Restaurant,131.1,27,1.7,0.925,1427.17,1306.26,120.91,1,0,-261.65
M0153,L030,Crossroads Game Center,2025-01-01,Life of Luxury,Convenience Store,65.5,22,0.82,0.922,1200.0,1105.88,94.12,0,0,-900.0
M0161,L034,Highland Park Gaming,2026-03-01,Life of Luxury,Gaming Hall,30.1,26,1.65,0.891,3368.42,2938.86,429.56,1,0,315.79
M0041,L044,Town Center Game Hall,2025-09-01,A-Liner,Gaming Hall,37.4,25,1.67,0.893,3884.5,3446.62,437.88,1,0,-58.25
M0161,L006,Westfield Game Center,2026-06-01,A-Liner,Truck Stop,12.6,31,2.64,0.903,2550.52,2344.38,206.14,1,0,597.65
M0021,L035,Woodland Star Gaming,2025-11-01,Life of Luxury,Truck Stop,60.1,26,0.66,0.892,1568.05,1370.36,197.69,2,0,-900.0
M0094,L004,Katy Oaks Gaming,2026-04-01,Life of Luxury,Truck Stop,73.1,31,1.5,0.873,2403.22,2088.2,315.02,0,1,280.35
M0085,L016,Red Oak Game Center,2025-03-01,A-Liner,Bar,77.4,29,2.36,0.927,6103.19,5614.28,488.91,2,0,268.44
M0057,L008,Silver Creek Gaming,2025-03-01,A-Liner,Restaurant,68.3,30,1.52,0.919,1811.88,1708.72,103.16,1,0,213.18
M0004,L008,Silver Creek Gaming,2026-05-01,Pot of Gold,Restaurant,42.6,22,1.56,0.877,1200.0,1044.65,155.35,0,0,-300.01
M0139,L008,Silver Creek Gaming,2025-10-01,Fire Link,Bar,48.6,29,1.19,0.904,2806.72,2521.11,285.61,1,0,495.74
M0061,L002,Cypress Point Gaming,2025-11-01,Video Poker,Gaming Hall,48.7,23,1.14,0.905,1232.16,1099.86,132.3,2,0,267.03
M0120,L038,Liberty Point Gaming,2025-04-01,Pot of Gold,Truck Stop,93.3,26,0.65,0.915,1200.0,1098.13,101.87,1,1,-589.51
M0074,L003,Lone Star Game Center,2025-05-01,Classic Reels,Gaming Hall,8.3,25,1.3,0.883,1200.0,1063.49,136.51,1,0,-393.36
M0068,L018,Copper Creek Gaming,2026-03-01,Pot of Gold,Convenience Store,34.3,23,1.11,0.876,2196.03,1900.38,295.65,1,0,-814.28
M0160,L032,Bay Area Game Center,2025-06-01,Fire Link,Convenience Store,21.4,31,1.71,0.923,1946.17,1819.41,126.76,0,0,461.52
M0018,L045,Summit Point Gaming,2025-11-01,Fire Link,Convenience Store,165.5,30,1.22,0.872,3309.41,2896.57,412.84,0,0,43.66
M0133,L039,Crescent Bay Game Center,2025-06-01,Pot of Gold,Gaming Hall,105.6,26,1.39,0.904,1936.13,1770.05,166.08,2,0,274.67
M0135,L007,Magnolia Gaming Hall,2025-05-01,Video Poker,Restaurant,35.4,20,1.4,0.902,1200.0,1077.67,122.33,2,0,-754.2
M0069,L045,Summit Point Gaming,2025-03-01,Fire Link,Gaming Hall,15.1,22,1.62,0.907,4348.35,3956.64,391.71,2,0,253.04
M0048,L030,Crossroads Game Center,2026-05-01,Video Poker,Restaurant,19.1,22,1.36,0.916,1200.0,1096.13,103.87,3,0,-22.08
M0001,L009,Pine Ridge Game Center,2026-05-01,Life of Luxury,Gaming Hall,92.5,31,1.07,0.95,1967.86,1903.89,63.97,1,0,32.29
M0169,L021,Cedar Grove Gaming,2025-03-01,Video Poker,Restaurant,12.3,24,1.7,0.87,1200.0,1045.67,154.33,0,0,-126.16
M0171,L042,Market Square Gaming,2025-07-01,Video Poker,Restaurant,49.2,20,2.24,0.932,1506.64,1404.35,102.29,2,1,-494.95
M0044,L018,Copper Creek Gaming,2025-11-01,A-Liner,Gaming Hall,82.8,27,1.72,0.847,3077.26,2589.52,487.74,0,0,677.38
M0006,L009,Pine Ridge Game Center,2025-07-01,Life of Luxury,Gaming Hall,17.5,31,1.31,0.945,1416.24,1329.58,86.66,0,0,901.58
M0023,L040,Eagle Ridge Gaming,2026-01-01,A-Liner,Restaurant,48.8,26,1.58,0.859,1292.72,1114.13,178.59,0,0,599.4
M0013,L043,Victory Lane Gaming,2025-05-01,Fire Link,Gaming Hall,35.9,25,0.52,0.97,1200.0,1175.8,24.2,1,0,285.14
M0150,L044,Town Center Game Hall,2025-02-01,Video Poker,Gaming Hall,32.4,22,1.57,0.9,2021.1,1802.39,218.71,2,0,-178.99
M0161,L044,Town Center Game Hall,2025-07-01,Fire Link,Bar,28.3,30,1.43,0.942,4575.3,4316.88,258.42,0,0,1307.56
M0028,L040,Eagle Ridge Gaming,2025-11-01,Life of Luxury,Truck Stop,87.3,21,1.14,0.937,1200.0,1127.05,72.95,0,0,-458.22
M0135,L021,Cedar Grove Gaming,2025-04-01,Pot of Gold,Convenience Store,120.2,31,1.24,0.899,1223.16,1104.88,118.28,0,0,712.76
M0033,L009,Pine Ridge Game Center,2026-03-01,A-Liner,Bar,40.2,22,1.42,0.901,4576.06,4029.27,546.79,1,0,-48.63
M0067,L028,Southpoint Game Center,2025-01-01,Video Poker,Truck Stop,62.8,21,2.2,0.889,1884.16,1654.11,230.05,2,0,-102.23
M0108,L010,Bluebonnet Gaming,2025-02-01,Pot of Gold,Bar,49.6,24,2.25,0.93,2617.94,2391.78,226.16,0,0,-209.37
M0130,L022,Horizon Game Center,2025-10-01,Classic Reels,Bar,9.5,20,1.14,0.899,1200.0,1079.27,120.73,1,0,-900.0
M0158,L030,Crossroads Game Center,2025-10-01,Video Poker,Bar,39.0,20,1.37,0.89,1200.0,1055.03,144.97,1,0,-266.94
M0009,L043,Victory Lane Gaming,2025-06-01,Pot of Gold,Bar,7.7,22,1.38,0.923,1651.93,1514.89,137.04,1,0,-715.63
M0036,L014,Clearwater Gaming Hall,2025-05-01,Pot of Gold,Bar,33.6,28,2.1,0.888,4597.3,4016.52,580.78,0,0,309.76
M0051,L012,Riverstone Game Center,2025-02-01,A-Liner,Convenience Store,47.9,29,1.73,0.902,2184.09,1959.48,224.61,0,0,997.21
M0056,L034,Highland Park Gaming,2025-12-01,A-Liner,Gaming Hall,78.4,22,1.7,0.913,3275.14,2946.02,329.12,0,0,355.56
M0180,L001,Bayou Star Gaming,2025-07-01,Pot of Gold,Convenience Store,58.9,27,1.94,0.894,3513.84,3173.33,340.51,1,1,-198.39
M0140,L026,Stonebridge Gaming,2025-03-01,Classic Reels,Gaming Hall,88.8,24,1.32,0.898,1787.73,1615.66,172.07,0,0,-900.0
M0058,L034,Highland Park Gaming,2025-08-01,Fire Link,Bar,24.7,25,2.4,0.948,3981.86,3781.98,199.88,0,0,421.77
M0175,L025,Parkside Game Center,2026-05-01,Video Poker,Gaming Hall,110.5,24,1.65,0.905,3627.49,3269.73,357.76,2,0,100.23
M0090,L018,Copper Creek Gaming,2025-05-01,Video Poker,Convenience Store,120.3,30,1.18,0.901,1200.0,1051.86,148.14,2,0,336.43
M0091,L038,Liberty Point Gaming,2026-05-01,Classic Reels,Restaurant,7.3,26,1.52,0.906,4297.85,3870.22,427.63,0,0,687.79
M0079,L017,Grand Parkway Gaming,2025-05-01,Fire Link,Bar,11.6,26,2.33,0.921,2743.25,2501.47,241.78,0,0,274.78
M0026,L032,Bay Area Game Center,2025-04-01,Life of Luxury,Gaming Hall,47.1,30,1.42,0.884,2233.51,1981.05,252.46,0,0,547.18
M0169,L021,Cedar Grove Gaming,2025-05-01,Fire Link,Gaming Hall,31.7,27,2.17,0.921,2406.99,2234.74,172.25,1,0,-215.47
M0003,L002,Cypress Point Gaming,2025-06-01,Pot of Gold,Restaurant,35.6,21,1.31,0.916,1200.0,1103.87,96.13,1,0,-761.81
M0032,L024,Metro Star Gaming,2025-03-01,A-Liner,Gaming Hall,58.6,22,1.23,0.865,2266.94,1995.26,271.68,0,0,36.57
M0042,L003,Lone Star Game Center,2025-11-01,Pot of Gold,Restaurant,91.2,24,2.01,0.955,5945.25,5637.17,308.08,2,0,-66.91
M0051,L042,Market Square Gaming,2025-07-01,Fire Link,Bar,23.6,21,1.17,0.947,1200.0,1127.62,72.38,1,0,-115.08
M0024,L028,Southpoint Game Center,2026-01-01,Pot of Gold,Gaming Hall,101.2,28,2.1,0.89,4402.68,3973.22,429.46,1,0,-151.32
M0004,L017,Grand Parkway Gaming,2025-09-01,Life of Luxury,Restaurant,27.9,25,1.84,0.882,2219.86,1962.34,257.52,2,0,-776.95
M0122,L022,Horizon Game Center,2025-08-01,Life of Luxury,Bar,48.7,20,1.17,0.916,1789.86,1634.21,155.65,2,0,-900.0
M0175,L028,Southpoint Game Center,2025-09-01,A-Liner,Gaming Hall,111.1,24,1.61,0.874,5528.27,4954.2,574.07,2,0,-383.73
M0022,L012,Riverstone Game Center,2025-03-01,Classic Reels,Truck Stop,30.2,29,1.35,0.944,3356.23,3191.55,164.68,1,1,107.8
M0054,L013,Heritage Oaks Gaming,2026-01-01,Pot of Gold,Gaming Hall,15.4,30,1.84,0.898,3212.55,2877.52,335.03,0,0,290.84
M0092,L019,Lakeview Game Center,2025-02-01,Classic Reels,Bar,29.6,31,2.69,0.951,4406.76,4154.56,252.2,0,0,1215.47
M0167,L012,Riverstone Game Center,2026-01-01,Video Poker,Bar,26.5,31,1.45,0.889,2732.54,2472.73,259.81,0,0,441.61
M0125,L035,Woodland Star Gaming,2026-06-01,Life of Luxury,Bar,72.0,27,1.94,0.907,2583.59,2349.73,233.86,1,0,872.82
M0138,L005,Gulf Coast Gaming,2026-02-01,A-Liner,Restaurant,48.7,31,1.66,0.942,1274.54,1200.99,73.55,1,0,691.87
M0105,L038,Liberty Point Gaming,2025-09-01,Fire Link,Gaming Hall,11.7,31,1.66,0.902,2525.05,2298.09,226.96,0,0,436.51
M0076,L016,Red Oak Game Center,2025-06-01,Pot of Gold,Truck Stop,70.7,27,1.56,0.917,3844.99,3566.46,278.53,0,1,949.49
M0036,L026,Stonebridge Gaming,2026-04-01,Fire Link,Convenience Store,25.6,24,1.18,0.937,2227.96,2102.3,125.66,0,0,101.96
M0156,L008,Silver Creek Gaming,2025-05-01,Pot of Gold,Truck Stop,34.0,31,1.83,0.896,2890.97,2620.98,269.99,0,0,888.38
M0145,L018,Copper Creek Gaming,2025-09-01,Video Poker,Restaurant,82.5,24,1.49,0.878,1638.1,1447.12,190.98,0,0,-97.53
M0005,L034,Highland Park Gaming,2026-02-01,Video Poker,Truck Stop,93.9,21,1.15,0.874,1985.52,1748.57,236.95,2,0,-398.38
M0129,L013,Heritage Oaks Gaming,2026-05-01,Classic Reels,Convenience Store,107.6,21,2.21,0.925,1200.0,1099.46,100.54,1,0,-418.3
M0016,L006,Westfield Game Center,2026-05-01,A-Liner,Bar,78.0,26,1.64,0.92,1640.49,1544.89,95.6,0,1,-622.08
M0134,L024,Metro Star Gaming,2025-02-01,A-Liner,Bar,41.6,20,1.52,0.937,3255.44,3002.15,253.29,1,0,-558.31
M0149,L008,Silver Creek Gaming,2026-05-01,Video Poker,Convenience Store,39.1,21,2.39,0.903,2155.45,1954.37,201.08,0,0,-243.28
M0024,L015,Prairie View Gaming,2025-03-01,Life of Luxury,Bar,35.7,22,0.64,0.874,1200.0,1029.55,170.45,1,0,-59.46
M0079,L021,Cedar Grove Gaming,2025-11-01,Pot of Gold,Restaurant,17.6,26,2.35,0.851,2983.7,2535.62,448.08,3,0,348.24
M0023,L026,Stonebridge Gaming,2026-05-01,A-Liner,Gaming Hall,22.9,25,1.17,0.97,2500.87,2408.7,92.17,0,0,151.0
M0103,L029,Meadowbrook Gaming,2025-12-01,Life of Luxury,Restaurant,98.6,26,1.77,0.923,1200.0,1109.55,90.45,0,1,-517.0
M0167,L031,Oak Ridge Gaming,2026-06-01,Life of Luxury,Gaming Hall,27.7,26,1.33,0.913,2274.4,2085.85,188.55,1,0,-122.09
M0015,L038,Liberty Point Gaming,2025-07-01,Pot of Gold,Truck Stop,17.7,31,1.14,0.917,1677.69,1519.19,158.5,0,1,-83.67
M0072,L003,Lone Star Game Center,2025-06-01,A-Liner,Gaming Hall,104.0,22,2.37,0.874,1418.24,1239.04,179.2,2,0,-281.6
M0176,L017,Grand Parkway Gaming,2025-06-01,Life of Luxury,Gaming Hall,56.1,25,2.67,0.89,4215.72,3822.49,393.23,0,0,114.51
M0055,L001,Bayou Star Gaming,2025-07-01,Life of Luxury,Restaurant,137.4,27,1.53,0.954,1710.1,1604.51,105.59,1,0,-156.76
M0024,L001,Bayou Star Gaming,2026-01-01,Pot of Gold,Restaurant,128.2,23,1.83,0.926,1934.16,1771.21,162.95,4,1,-900.0
M0088,L010,Bluebonnet Gaming,2025-09-01,Fire Link,Restaurant,19.1,22,1.68,0.891,1584.88,1428.5,156.38,1,0,-266.49
M0092,L027,Northgate Gaming Hall,2026-02-01,Video Poker,Truck Stop,44.8,20,2.6,0.879,1646.81,1449.08,197.73,0,0,-333.58
M0120,L041,Palms Gaming Center,2025-08-01,Life of Luxury,Gaming Hall,21.4,23,0.49,0.897,1200.0,1078.58,121.42,0,0,-424.34
M0057,L035,Woodland Star Gaming,2025-06-01,A-Liner,Restaurant,21.3,23,1.86,0.902,1261.26,1153.13,108.13,1,0,-184.39
M0173,L030,Crossroads Game Center,2025-04-01,Classic Reels,Bar,34.9,22,1.25,0.961,1675.16,1593.87,81.29,3,0,-818.24
M0094,L036,Greenfield Game Center,2025-10-01,Life of Luxury,Convenience Store,73.5,23,0.35,0.905,1200.0,1078.52,121.48,1,1,-690.47
M0052,L008,Silver Creek Gaming,2026-05-01,Classic Reels,Bar,73.8,28,1.45,0.88,1659.08,1447.2,211.88,0,0,834.11
M0173,L038,Liberty Point Gaming,2026-04-01,A-Liner,Gaming Hall,67.7,29,2.67,0.909,2728.67,2468.96,259.71,2,0,494.35
M0167,L041,Palms Gaming Center,2025-05-01,A-Liner,Convenience Store,41.5,26,1.29,0.917,1200.0,1119.69,80.31,0,0,-168.31
M0090,L005,Gulf Coast Gaming,2025-09-01,Pot of Gold,Restaurant,76.4,20,2.08,0.878,2651.96,2274.29,377.67,1,0,-400.76
M0005,L022,Horizon Game Center,2026-01-01,Pot of Gold,Gaming Hall,17.5,28,2.31,0.92,5182.23,4693.39,488.84,0,0,1492.24
M0108,L038,Liberty Point Gaming,2025-12-01,Video Poker,Truck Stop,56.7,21,1.64,0.94,1378.23,1272.95,105.28,0,0,-489.93
M0100,L022,Horizon Game Center,2025-02-01,Classic Reels,Convenience Store,49.0,20,1.72,0.913,1200.0,1115.78,84.22,1,0,-631.51
M0027,L038,Liberty Point Gaming,2025-11-01,Video Poker,Gaming Hall,39.7,26,0.71,0.89,1200.0,1059.15,140.85,2,0,207.89
M0115,L043,Victory Lane Gaming,2025-01-01,Video Poker,Convenience Store,58.3,25,1.26,0.897,1200.0,1071.7,128.3,0,0,70.56
M0152,L022,Horizon Game Center,2025-03-01,Pot of Gold,Gaming Hall,21.8,23,2.15,0.869,2158.97,1834.31,324.66,1,0,-147.32
M0020,L003,Lone Star Game Center,2025-12-01,Classic Reels,Gaming Hall,69.5,31,1.68,0.907,2249.48,2033.2,216.28,1,0,237.37
M0131,L016,Red Oak Game Center,2025-02-01,Fire Link,Convenience Store,48.1,21,1.85,0.918,2535.22,2353.69,181.53,1,0,-396.47
M0026,L010,Bluebonnet Gaming,2025-07-01,Classic Reels,Gaming Hall,12.8,20,1.72,0.888,1746.48,1556.18,190.3,1,0,-160.93
M0135,L022,Horizon Game Center,2025-11-01,Pot of Gold,Gaming Hall,47.3,27,2.86,0.958,7621.35,7291.39,329.96,1,0,925.71
M0076,L027,Northgate Gaming Hall,2025-12-01,Life of Luxury,Restaurant,32.0,25,1.41,0.93,1200.0,1093.47,106.53,0,0,-584.0
M0002,L021,Cedar Grove Gaming,2025-09-01,Classic Reels,Gaming Hall,100.3,29,2.53,0.865,3319.85,2858.61,461.24,1,0,1319.9
M0174,L009,Pine Ridge Game Center,2025-02-01,Classic Reels,Restaurant,18.6,20,1.72,0.866,1200.0,1041.32,158.68,1,0,-650.0
M0030,L014,Clearwater Gaming Hall,2026-03-01,A-Liner,Restaurant,19.2,25,2.58,0.885,2130.32,1859.98,270.34,2,0,312.32
M0108,L031,Oak Ridge Gaming,2026-06-01,Life of Luxury,Gaming Hall,63.5,21,0.98,0.949,1200.0,1148.23,51.77,3,1,-900.0
M0033,L002,Cypress Point Gaming,2026-04-01,Life of Luxury,Bar,42.7,20,1.75,0.932,3020.98,2847.64,173.34,1,1,-900.0
M0168,L010,Bluebonnet Gaming,2026-02-01,Video Poker,Gaming Hall,41.2,25,1.43,0.951,2424.64,2290.45,134.19,0,0,-462.1
M0133,L041,Palms Gaming Center,2025-08-01,Fire Link,Convenience Store,180.0,28,1.73,0.91,3442.37,3162.54,279.83,0,0,133.39
M0145,L005,Gulf Coast Gaming,2026-04-01,Fire Link,Gaming Hall,75.2,21,2.32,0.905,2802.19,2532.29,269.9,2,2,-779.1
M0078,L019,Lakeview Game Center,2025-09-01,A-Liner,Truck Stop,37.4,30,1.86,0.879,1713.7,1529.93,183.77,0,0,631.14
M0085,L010,Bluebonnet Gaming,2025-03-01,Fire Link,Gaming Hall,11.3,26,2.32,0.919,2654.94,2504.7,150.24,0,0,206.06
M0115,L005,Gulf Coast Gaming,2026-04-01,A-Liner,Convenience Store,35.8,25,1.28,0.905,1312.51,1170.6,141.91,1,0,353.68
M0142,L020,Brazos Bend Gaming,2025-06-01,Fire Link,Gaming Hall,17.0,31,1.2,0.904,5604.72,5118.42,486.3,1,1,691.13
M0153,L024,Metro Star Gaming,2026-05-01,Classic Reels,Gaming Hall,23.0,23,1.66,0.95,2351.89,2271.13,80.76,0,0,-18.05
M0004,L008,Silver Creek Gaming,2025-07-01,Video Poker,Bar,23.7,22,1.63,0.907,1416.36,1268.14,148.22,2,0,866.83
M0120,L004,Katy Oaks Gaming,2026-04-01,Video Poker,Convenience Store,95.1,29,1.55,0.943,1564.96,1464.96,100.0,1,0,145.21
M0020,L007,Magnolia Gaming Hall,2025-10-01,A-Liner,Truck Stop,13.9,21,1.12,0.87,1200.0,1035.56,164.44,0,0,-530.01
M0052,L030,Crossroads Game Center,2025-09-01,Fire Link,Gaming Hall,88.9,30,2.31,0.97,11459.64,11097.59,362.05,0,0,946.4
M0150,L039,Crescent Bay Game Center,2025-06-01,Classic Reels,Gaming Hall,65.5,29,1.45,0.901,3687.3,3306.49,380.81,1,0,821.71
M0046,L009,Pine Ridge Game Center,2026-04-01,Classic Reels,Bar,64.9,31,2.43,0.928,3546.29,3282.52,263.77,0,0,835.48
M0144,L015,Prairie View Gaming,2025-02-01,A-Liner,Bar,22.2,25,1.66,0.932,1956.34,1842.98,113.36,2,0,-150.46
M0084,L016,Red Oak Game Center,2025-09-01,A-Liner,Truck Stop,81.1,27,2.01,0.898,2938.95,2572.32,366.63,0,0,1096.63
M0042,L017,Grand Parkway Gaming,2025-07-01,Classic Reels,Truck Stop,20.1,30,1.96,0.93,3241.64,2976.84,264.8,0,0,1236.45
M0061,L011,Sunset Bay Gaming,2025-10-01,A-Liner,Truck Stop,121.5,21,1.2,0.932,1200.0,1128.05,71.95,0,0,-558.97
M0096,L003,Lone Star Game Center,2025-05-01,Classic Reels,Gaming Hall,96.6,23,1.85,0.892,1527.0,1372.21,154.79,2,1,-900.0
M0138,L024,Metro Star Gaming,2025-12-01,Life of Luxury,Bar,135.2,25,2.71,0.892,5253.92,4619.76,634.16,1,0,506.89
M0110,L017,Grand Parkway Gaming,2025-07-01,Fire Link,Restaurant,49.2,27,1.79,0.911,2430.1,2230.14,199.96,0,0,46.83
M0168,L016,Red Oak Game Center,2025-04-01,A-Liner,Bar,42.7,28,2.15,0.907,4070.74,3756.98,313.76,0,0,856.92
M0157,L012,Riverstone Game Center,2025-04-01,Pot of Gold,Convenience Store,35.1,31,2.03,0.945,5469.15,5165.13,304.02,0,1,646.27
M0136,L042,Market Square Gaming,2026-01-01,Classic Reels,Gaming Hall,177.9,25,1.82,0.928,2936.33,2689.4,246.93,0,0,1073.32
M0109,L028,Southpoint Game Center,2025-05-01,A-Liner,Bar,73.0,22,1.75,0.908,2019.87,1855.25,164.62,0,0,369.37
M0053,L019,Lakeview Game Center,2025-06-01,Pot of Gold,Truck Stop,17.1,22,1.95,0.925,9464.23,8950.1,514.13,0,0,-239.78
M0075,L010,Bluebonnet Gaming,2025-12-01,Classic Reels,Gaming Hall,112.5,29,2.07,0.859,3385.31,2871.98,513.33,0,0,507.51
M0022,L037,Fairway Gaming Hall,2025-06-01,Classic Reels,Truck Stop,41.5,25,0.91,0.895,1200.0,1074.57,125.43,1,0,-893.24
M0068,L040,Eagle Ridge Gaming,2025-07-01,Classic Reels,Bar,3.2,27,1.79,0.917,1802.85,1676.8,126.05,0,0,-606.49
M0167,L002,Cypress Point Gaming,2025-05-01,Fire Link,Gaming Hall,26.4,26,1.55,0.938,5433.08,5103.75,329.33,0,0,487.57
M0077,L042,Market Square Gaming,2025-07-01,Classic Reels,Gaming Hall,96.5,29,1.43,0.915,1226.37,1096.41,129.96,1,0,-274.86
M0021,L032,Bay Area Game Center,2026-01-01,Fire Link,Gaming Hall,65.7,22,2.36,0.946,2598.87,2472.36,126.51,1,1,57.31
M0118,L005,Gulf Coast Gaming,2025-10-01,A-Liner,Bar,74.9,22,1.25,0.932,1990.03,1831.33,158.7,1,0,89.03
M0174,L034,Highland Park Gaming,2026-06-01,Pot of Gold,Gaming Hall,111.8,28,0.88,0.898,1413.83,1248.06,165.77,2,1,-362.33
M0157,L005,Gulf Coast Gaming,2026-02-01,A-Liner,Convenience Store,9.4,25,2.09,0.906,1823.4,1614.2,209.2,0,1,-314.02
M0050,L003,Lone Star Game Center,2025-01-01,Classic Reels,Truck Stop,26.7,29,0.87,0.92,1784.22,1666.97,117.25,1,0,932.37
M0082,L006,Westfield Game Center,2025-07-01,A-Liner,Bar,50.0,21,0.59,0.899,1200.0,1066.78,133.22,2,0,97.84
M0096,L021,Cedar Grove Gaming,2025-06-01,Fire Link,Gaming Hall,98.4,23,2.15,0.948,1819.19,1731.87,87.32,1,0,-712.7
M0045,L028,Southpoint Game Center,2025-11-01,Classic Reels,Bar,20.0,31,1.74,0.882,1249.69,1110.91,138.78,0,0,214.7
M0049,L019,Lakeview Game Center,2025-05-01,A-Liner,Restaurant,37.2,30,1.91,0.918,2919.76,2686.01,233.75,1,0,330.31
M0043,L006,Westfield Game Center,2026-06-01,Life of Luxury,Convenience Store,47.7,20,1.41,0.928,1276.23,1188.88,87.35,1,0,-435.44
M0180,L009,Pine Ridge Game Center,2025-06-01,Video Poker,Gaming Hall,25.6,29,0.89,0.902,1200.0,1087.89,112.11,0,0,256.07
M0135,L039,Crescent Bay Game Center,2025-10-01,Classic Reels,Convenience Store,47.3,20,1.0,0.897,1200.0,1078.39,121.61,0,0,-311.6
M0152,L044,Town Center Game Hall,2025-03-01,Video Poker,Bar,42.6,21,1.5,0.908,1301.16,1169.58,131.58,0,0,480.62
M0147,L034,Highland Park Gaming,2026-05-01,Video Poker,Bar,31.3,30,0.95,0.93,2137.47,1966.06,171.41,0,0,-2.56
M0173,L005,Gulf Coast Gaming,2026-05-01,Video Poker,Gaming Hall,81.0,21,1.82,0.91,1517.27,1360.6,156.67,2,1,-900.0
M0019,L037,Fairway Gaming Hall,2026-03-01,Classic Reels,Truck Stop,71.4,23,1.4,0.883,1200.0,1057.78,142.22,1,0,-883.98
M0159,L032,Bay Area Game Center,2025-07-01,A-Liner,Gaming Hall,83.4,21,1.75,0.939,1213.8,1146.01,67.79,0,0,-764.07
M0012,L024,Metro Star Gaming,2025-02-01,Pot of Gold,Gaming Hall,88.4,27,1.74,0.92,2586.9,2414.15,172.75,2,0,-105.43
M0086,L007,Magnolia Gaming Hall,2026-01-01,Fire Link,Gaming Hall,130.4,20,1.86,0.935,2976.1,2794.94,181.16,2,1,-900.0
M0107,L045,Summit Point Gaming,2025-08-01,Classic Reels,Convenience Store,12.4,23,1.92,0.929,3756.36,3453.11,303.25,0,0,227.73
M0065,L020,Brazos Bend Gaming,2026-06-01,Fire Link,Bar,13.8,23,1.46,0.964,2081.66,1952.24,129.42,1,0,-111.1
M0027,L002,Cypress Point Gaming,2026-01-01,Video Poker,Gaming Hall,76.4,27,1.75,0.938,2625.65,2438.63,187.02,1,0,292.69
M0035,L010,Bluebonnet Gaming,2025-10-01,Pot of Gold,Bar,33.7,25,1.78,0.892,3393.75,2972.47,421.28,1,0,80.69
M0149,L019,Lakeview Game Center,2026-06-01,Fire Link,Convenience Store,30.4,22,0.31,0.922,1200.0,1095.88,104.12,1,0,-440.49
M0058,L003,Lone Star Game Center,2026-03-01,Fire Link,Gaming Hall,26.8,25,2.01,0.896,2711.62,2437.5,274.12,1,0,-18.56
M0056,L015,Prairie View Gaming,2025-09-01,Fire Link,Truck Stop,85.4,25,1.73,0.899,6956.18,6260.65,695.53,0,0,497.02
M0167,L022,Horizon Game Center,2025-01-01,Pot of Gold,Bar,170.7,24,1.96,0.875,2449.54,2197.97,251.57,2,0,-198.06
M0026,L043,Victory Lane Gaming,2025-02-01,Pot of Gold,Gaming Hall,88.1,26,0.94,0.903,1744.71,1585.59,159.12,0,0,-639.85
M0165,L004,Katy Oaks Gaming,2025-08-01,Classic Reels,Truck Stop,32.5,23,1.48,0.924,1923.25,1821.14,102.11,0,1,-344.42
M0166,L026,Stonebridge Gaming,2025-11-01,Fire Link,Restaurant,82.5,24,1.64,0.908,1456.44,1334.95,121.49,2,0,-731.7
M0108,L042,Market Square Gaming,2025-01-01,Pot of Gold,Bar,13.4,29,2.06,0.883,6057.56,5427.75,629.81,0,0,864.92
M0030,L037,Fairway Gaming Hall,2025-03-01,Pot of Gold,Restaurant,40.3,23,0.88,0.872,1200.0,1041.23,158.77,1,0,-888.23
M0029,L042,Market Square Gaming,2026-01-01,Fire Link,Bar,9.4,23,1.14,0.963,2072.94,1969.51,103.43,0,0,-208.42
M0052,L008,Silver Creek Gaming,2026-02-01,Pot of Gold,Bar,33.7,21,1.94,0.918,2301.04,2099.96,201.08,1,0,-212.39
M0104,L037,Fairway Gaming Hall,2025-01-01,Classic Reels,Restaurant,54.0,28,1.3,0.889,2063.12,1833.82,229.3,1,1,125.54
M0028,L045,Summit Point Gaming,2025-10-01,Classic Reels,Restaurant,180.0,28,1.14,0.922,1200.0,1097.35,102.65,0,0,-450.8
M0083,L015,Prairie View Gaming,2025-02-01,Life of Luxury,Gaming Hall,103.7,28,2.15,0.965,3157.02,3008.6,148.42,1,0,337.35
M0021,L023,Willow Creek Gaming,2026-02-01,A-Liner,Convenience Store,9.6,22,2.17,0.926,2393.19,2228.06,165.13,1,0,180.0
M0098,L024,Metro Star Gaming,2026-04-01,Pot of Gold,Bar,10.6,25,2.05,0.84,3145.7,2604.44,541.26,3,0,-25.8
M0004,L023,Willow Creek Gaming,2026-04-01,Life of Luxury,Gaming Hall,25.7,23,2.12,0.97,2089.28,1988.15,101.13,2,0,-346.47
M0128,L014,Clearwater Gaming Hall,2025-11-01,Video Poker,Truck Stop,146.3,29,1.52,0.864,3862.8,3285.45,577.35,1,0,-293.89
M0010,L044,Town Center Game Hall,2025-12-01,Fire Link,Convenience Store,10.1,24,1.64,0.905,2326.28,2098.74,227.54,2,0,-517.59
M0036,L044,Town Center Game Hall,2026-05-01,Video Poker,Convenience Store,27.0,24,1.29,0.882,1200.0,1044.13,155.87,1,0,-30.91
M0032,L018,Copper Creek Gaming,2025-12-01,Life of Luxury,Convenience Store,26.9,25,1.74,0.891,1439.92,1279.03,160.89,0,0,485.25
M0150,L037,Fairway Gaming Hall,2025-09-01,Life of Luxury,Convenience Store,63.4,29,1.36,0.917,1867.35,1725.81,141.54,1,0,7.54
M0010,L018,Copper Creek Gaming,2026-02-01,Fire Link,Gaming Hall,83.9,28,1.41,0.858,3628.19,3138.0,490.19,1,0,1649.83
M0078,L036,Greenfield Game Center,2025-11-01,Fire Link,Truck Stop,71.9,29,1.98,0.908,1729.25,1556.45,172.8,0,0,612.52
M0107,L027,Northgate Gaming Hall,2026-04-01,Video Poker,Convenience Store,57.3,25,2.3,0.939,2551.83,2356.24,195.59,1,0,-587.78
M0093,L022,Horizon Game Center,2025-10-01,Pot of Gold,Convenience Store,12.8,29,1.87,0.889,3074.33,2711.84,362.49,4,0,727.59
M0123,L006,Westfield Game Center,2026-04-01,Classic Reels,Bar,51.1,30,2.64,0.875,1212.48,1070.46,142.02,0,0,-17.11
M0145,L030,Crossroads Game Center,2025-01-01,Video Poker,Gaming Hall,113.9,26,1.26,0.907,2026.94,1860.06,166.88,1,0,80.64
M0071,L015,Prairie View Gaming,2025-01-01,A-Liner,Gaming Hall,139.3,28,0.64,0.902,1331.28,1206.45,124.83,1,0,-319.15
M0150,L010,Bluebonnet Gaming,2025-02-01,Life of Luxury,Bar,62.2,30,2.04,0.895,3908.76,3554.69,354.07,1,0,24.6
M0058,L009,Pine Ridge Game Center,2025-11-01,Fire Link,Gaming Hall,9.7,30,1.23,0.88,3604.54,3246.79,357.75,1,1,836.92
M0178,L045,Summit Point Gaming,2026-01-01,Life of Luxury,Convenience Store,63.0,23,1.5,0.923,1213.21,1112.76,100.45,2,0,-593.74
M0091,L005,Gulf Coast Gaming,2025-04-01,Classic Reels,Truck Stop,42.5,28,0.68,0.925,1200.0,1131.41,68.59,0,0,997.19
M0133,L036,Greenfield Game Center,2025-03-01,Fire Link,Bar,11.4,25,1.16,0.883,1200.0,1055.85,144.15,0,0,-271.57
M0158,L039,Crescent Bay Game Center,2026-04-01,Video Poker,Bar,18.9,21,0.82,0.887,1278.06,1149.28,128.78,1,0,-900.0
M0143,L002,Cypress Point Gaming,2026-02-01,A-Liner,Convenience Store,22.2,24,1.41,0.913,1675.36,1543.85,131.51,1,0,-383.61
M0154,L027,Northgate Gaming Hall,2025-12-01,Fire Link,Gaming Hall,76.6,31,1.43,0.886,5068.48,4370.43,698.05,0,0,2377.52
M0097,L026,Stonebridge Gaming,2025-09-01,Classic Reels,Truck Stop,135.5,31,1.7,0.914,1719.79,1551.95,167.84,2,1,294.66
M0008,L017,Grand Parkway Gaming,2025-08-01,Fire Link,Bar,68.7,29,2.33,0.947,5389.23,5024.62,364.61,0,0,881.78
M0089,L031,Oak Ridge Gaming,2025-01-01,Video Poker,Gaming Hall,78.3,31,2.02,0.909,1866.17,1656.44,209.73,0,0,895.68
M0033,L019,Lakeview Game Center,2025-04-01,Life of Luxury,Gaming Hall,44.7,26,0.76,0.88,1200.0,1068.66,131.34,2,0,-256.77
M0161,L020,Brazos Bend Gaming,2026-05-01,Video Poker,Truck Stop,30.0,29,1.98,0.92,2978.25,2813.93,164.32,1,0,1498.64
M0043,L020,Brazos Bend Gaming,2025-07-01,Classic Reels,Gaming Hall,70.0,21,1.71,0.906,2463.98,2224.75,239.23,0,0,-37.57
M0042,L037,Fairway Gaming Hall,2026-01-01,Video Poker,Convenience Store,57.9,23,1.6,0.906,2860.39,2620.83,239.56,0,0,53.73
M0045,L029,Meadowbrook Gaming,2026-01-01,Fire Link,Gaming Hall,24.0,22,1.64,0.922,2251.15,2115.67,135.48,2,0,36.0
M0116,L018,Copper Creek Gaming,2025-06-01,Classic Reels,Gaming Hall,55.1,31,1.76,0.927,1939.85,1803.09,136.76,0,0,95.21
M0103,L042,Market Square Gaming,2025-04-01,Life of Luxury,Truck Stop,47.0,27,1.27,0.911,1217.66,1108.92,108.74,1,1,-565.52
M0171,L037,Fairway Gaming Hall,2026-01-01,Classic Reels,Gaming Hall,37.0,31,1.55,0.908,1844.21,1669.11,175.1,0,0,590.46
M0075,L042,Market Square Gaming,2025-02-01,Pot of Gold,Gaming Hall,29.2,24,2.3,0.962,9250.99,8959.13,291.86,2,0,334.94
M0051,L033,Spring Creek Gaming,2025-09-01,Life of Luxury,Bar,62.2,24,1.26,0.94,2083.22,1980.09,103.13,1,0,-762.04
M0009,L018,Copper Creek Gaming,2026-04-01,Fire Link,Truck Stop,30.7,28,1.64,0.931,2916.26,2731.2,185.06,1,0,296.69
M0002,L035,Woodland Star Gaming,2026-01-01,Life of Luxury,Bar,170.9,26,1.62,0.913,1890.9,1736.09,154.81,0,0,-126.65
M0068,L015,Prairie View Gaming,2026-02-01,Fire Link,Gaming Hall,67.1,24,1.03,0.885,1708.87,1511.3,197.57,0,0,-601.95
M0167,L013,Heritage Oaks Gaming,2025-02-01,Classic Reels,Truck Stop,62.9,23,0.7,0.938,1200.0,1102.66,97.34,0,1,-713.0
M0095,L021,Cedar Grove Gaming,2025-04-01,Life of Luxury,Convenience Store,41.2,26,1.46,0.914,1236.4,1143.39,93.01,0,0,313.76
M0161,L044,Town Center Game Hall,2025-05-01,Classic Reels,Truck Stop,34.5,20,2.45,0.896,1926.99,1696.88,230.11,3,0,-900.0
M0019,L026,Stonebridge Gaming,2025-06-01,Pot of Gold,Restaurant,7.5,22,1.63,0.904,1245.73,1135.4,110.33,0,0,403.8
M0017,L018,Copper Creek Gaming,2025-04-01,Classic Reels,Restaurant,25.4,20,1.75,0.886,1200.0,1074.08,125.92,1,1,-669.19
M0151,L021,Cedar Grove Gaming,2026-06-01,Classic Reels,Bar,9.5,21,0.48,0.936,1200.0,1106.78,93.22,0,0,-189.44
M0020,L014,Clearwater Gaming Hall,2025-03-01,Fire Link,Bar,9.4,22,1.89,0.927,1648.51,1516.15,132.36,0,0,-127.4
M0010,L030,Crossroads Game Center,2026-01-01,Classic Reels,Restaurant,16.4,20,1.7,0.915,1428.19,1343.15,85.04,0,0,-900.0
M0073,L016,Red Oak Game Center,2025-11-01,Video Poker,Restaurant,106.1,20,1.28,0.909,1200.0,1089.66,110.34,0,0,-836.39
M0167,L025,Parkside Game Center,2025-11-01,Classic Reels,Truck Stop,105.7,29,1.75,0.893,2094.33,1839.57,254.76,0,0,582.14
M0125,L017,Grand Parkway Gaming,2025-04-01,Fire Link,Convenience Store,25.9,22,1.74,0.857,1231.92,1067.59,164.33,1,0,-568.73
M0018,L015,Prairie View Gaming,2025-06-01,Fire Link,Gaming Hall,12.5,26,1.07,0.875,2013.39,1743.05,270.34,0,0,488.24
M0151,L044,Town Center Game Hall,2025-11-01,Classic Reels,Bar,33.3,21,1.83,0.891,1302.09,1130.15,171.94,1,1,-900.0
M0152,L016,Red Oak Game Center,2025-06-01,Life of Luxury,Convenience Store,76.0,31,2.31,0.888,2957.76,2644.94,312.82,0,0,938.19
M0145,L004,Katy Oaks Gaming,2026-01-01,Classic Reels,Bar,91.9,22,1.52,0.917,2257.34,2045.15,212.19,0,0,-23.2
M0163,L018,Copper Creek Gaming,2025-01-01,Life of Luxury,Restaurant,54.5,28,1.17,0.93,1200.0,1120.63,79.37,0,0,-415.17
M0044,L024,Metro Star Gaming,2025-02-01,Classic Reels,Convenience Store,61.7,27,1.55,0.907,3650.27,3275.2,375.07,0,0,434.19
M0177,L005,Gulf Coast Gaming,2026-02-01,Pot of Gold,Gaming Hall,57.5,29,2.12,0.945,3843.0,3664.25,178.75,1,0,-238.99
M0058,L014,Clearwater Gaming Hall,2025-12-01,Pot of Gold,Convenience Store,10.3,27,0.98,0.89,1352.53,1206.73,145.8,0,0,-462.74
M0145,L008,Silver Creek Gaming,2025-01-01,Video Poker,Convenience Store,13.8,26,1.97,0.907,1399.24,1225.64,173.6,3,1,-763.54
M0105,L023,Willow Creek Gaming,2026-05-01,Video Poker,Truck Stop,139.2,29,1.28,0.909,2980.47,2722.91,257.56,2,0,1331.32
M0141,L033,Spring Creek Gaming,2025-01-01,Video Poker,Bar,54.4,29,1.78,0.937,2269.38,2118.52,150.86,1,0,611.86
M0114,L044,Town Center Game Hall,2026-06-01,Video Poker,Convenience Store,5.5,24,1.34,0.913,1200.0,1116.0,84.0,3,1,-201.92
M0116,L018,Copper Creek Gaming,2026-02-01,Fire Link,Bar,64.3,31,1.34,0.913,1830.84,1680.24,150.6,1,0,792.68
M0111,L039,Crescent Bay Game Center,2026-06-01,Life of Luxury,Convenience Store,21.3,31,2.49,0.869,2784.26,2444.79,339.47,0,0,919.68
M0141,L010,Bluebonnet Gaming,2026-06-01,Pot of Gold,Gaming Hall,97.0,28,0.88,0.888,1902.15,1672.89,229.26,0,0,793.51
M0134,L036,Greenfield Game Center,2025-06-01,Fire Link,Truck Stop,90.1,31,1.92,0.937,3831.93,3554.19,277.74,2,0,181.43
M0025,L026,Stonebridge Gaming,2026-02-01,Life of Luxury,Truck Stop,73.1,21,2.6,0.858,2827.37,2425.01,402.36,2,0,-196.89
M0149,L035,Woodland Star Gaming,2025-04-01,Video Poker,Convenience Store,53.9,26,2.03,0.944,1467.71,1379.17,88.54,0,0,548.52
M0097,L034,Highland Park Gaming,2025-09-01,Pot of Gold,Convenience Store,113.0,27,0.92,0.922,1200.0,1125.67,74.33,0,0,369.76
M0059,L024,Metro Star Gaming,2025-05-01,Pot of Gold,Gaming Hall,120.6,31,0.95,0.891,1557.75,1385.09,172.66,1,0,987.02
M0093,L012,Riverstone Game Center,2025-09-01,Life of Luxury,Convenience Store,21.8,21,1.24,0.889,1284.94,1123.43,161.51,0,0,-207.43
M0175,L024,Metro Star Gaming,2026-04-01,Life of Luxury,Bar,72.6,29,1.74,0.957,3337.59,3160.93,176.66,0,0,1146.7
M0155,L038,Liberty Point Gaming,2025-08-01,Life of Luxury,Restaurant,29.4,20,1.77,0.945,2189.28,2094.22,95.06,1,1,-900.0
M0151,L044,Town Center Game Hall,2025-02-01,A-Liner,Gaming Hall,19.1,24,0.95,0.907,1255.67,1136.37,119.3,1,1,470.55
M0084,L042,Market Square Gaming,2025-06-01,Life of Luxury,Restaurant,120.6,28,1.17,0.913,1696.0,1543.96,152.04,2,1,-114.84
M0142,L009,Pine Ridge Game Center,2026-03-01,A-Liner,Gaming Hall,80.8,23,1.2,0.894,1414.71,1282.75,131.96,0,0,-317.64
M0070,L027,Northgate Gaming Hall,2025-10-01,Video Poker,Convenience Store,57.2,30,1.55,0.913,1200.0,1082.43,117.57,1,0,-171.11
M0124,L005,Gulf Coast Gaming,2025-11-01,A-Liner,Convenience Store,23.7,31,2.74,0.893,2832.51,2453.46,379.05,0,0,506.16
M0116,L031,Oak Ridge Gaming,2025-08-01,A-Liner,Gaming Hall,122.9,21,1.14,0.908,1200.0,1077.32,122.68,0,0,-832.33
M0045,L045,Summit Point Gaming,2025-06-01,Fire Link,Bar,21.0,23,1.11,0.955,1200.0,1149.49,50.51,0,0,-168.9
M0048,L003,Lone Star Game Center,2025-11-01,Pot of Gold,Restaurant,17.0,20,1.03,0.908,1200.0,1086.01,113.99,1,0,-900.0
M0012,L030,Crossroads Game Center,2025-12-01,Life of Luxury,Convenience Store,47.1,28,2.0,0.884,2402.73,2079.02,323.71,2,1,474.24
M0026,L043,Victory Lane Gaming,2026-05-01,Video Poker,Gaming Hall,76.0,30,1.63,0.876,1708.2,1517.21,190.99,2,0,382.85
M0079,L039,Crescent Bay Game Center,2025-12-01,A-Liner,Bar,36.0,27,1.16,0.913,1200.0,1097.95,102.05,0,0,251.94
M0087,L018,Copper Creek Gaming,2026-06-01,Life of Luxury,Bar,180.0,21,1.45,0.891,2947.56,2640.04,307.52,2,0,-900.0
M0030,L005,Gulf Coast Gaming,2026-03-01,Fire Link,Convenience Store,53.3,22,1.21,0.916,1200.0,1105.24,94.76,0,0,-593.96
M0076,L042,Market Square Gaming,2025-02-01,Classic Reels,Convenience Store,29.3,20,1.81,0.87,1200.0,1025.3,174.7,0,0,-900.0
M0109,L042,Market Square Gaming,2025-08-01,A-Liner,Gaming Hall,32.1,25,3.13,0.927,2611.53,2430.38,181.15,3,0,406.5
M0042,L027,Northgate Gaming Hall,2025-07-01,A-Liner,Convenience Store,149.5,28,1.95,0.883,1446.14,1292.69,153.45,0,0,-425.56
M0061,L045,Summit Point Gaming,2025-01-01,Video Poker,Restaurant,43.8,21,1.6,0.911,1263.58,1168.41,95.17,2,0,-900.0
M0067,L001,Bayou Star Gaming,2025-04-01,A-Liner,Restaurant,117.8,30,1.28,0.902,1200.0,1092.79,107.21,1,1,503.54
M0091,L028,Southpoint Game Center,2026-02-01,A-Liner,Gaming Hall,9.0,23,0.91,0.953,1476.26,1415.97,60.29,1,0,-88.71
M0066,L002,Cypress Point Gaming,2025-07-01,Life of Luxury,Bar,98.3,26,2.05,0.91,4740.9,4234.34,506.56,1,0,331.76
M0133,L043,Victory Lane Gaming,2025-03-01,Pot of Gold,Bar,24.7,28,2.02,0.959,4274.25,4098.24,176.01,1,0,450.45
M0059,L031,Oak Ridge Gaming,2025-06-01,Video Poker,Gaming Hall,82.1,26,1.39,0.924,3192.93,2913.62,279.31,0,0,669.82
M0079,L042,Market Square Gaming,2025-05-01,A-Liner,Bar,24.5,25,2.32,0.946,1441.03,1385.39,55.64,0,0,47.85
M0069,L026,Stonebridge Gaming,2025-04-01,Fire Link,Gaming Hall,34.0,24,1.66,0.905,2482.54,2280.37,202.17,1,0,-672.85
M0033,L004,Katy Oaks Gaming,2025-02-01,A-Liner,Gaming Hall,18.6,25,2.08,0.919,3503.54,3179.79,323.75,1,0,472.97
M0124,L002,Cypress Point Gaming,2026-02-01,Pot of Gold,Convenience Store,83.2,22,1.81,0.94,2479.94,2329.78,150.16,0,0,-92.44
M0043,L016,Red Oak Game Center,2026-03-01,Classic Reels,Gaming Hall,92.4,23,1.55,0.933,3908.97,3658.73,250.24,1,0,267.39
M0054,L034,Highland Park Gaming,2025-09-01,Life of Luxury,Restaurant,25.4,29,1.12,0.923,2257.92,2108.47,149.45,0,0,-78.04
M0143,L007,Magnolia Gaming Hall,2025-12-01,Classic Reels,Gaming Hall,11.7,30,1.57,0.902,3572.78,3150.81,421.97,2,1,-12.1
M0171,L039,Crescent Bay Game Center,2026-05-01,Fire Link,Convenience Store,116.7,30,2.11,0.906,9023.1,7935.68,1087.42,0,0,1689.34
M0121,L011,Sunset Bay Gaming,2026-04-01,Life of Luxury,Bar,28.0,23,1.37,0.938,1633.97,1533.41,100.56,1,1,-900.0
M0165,L023,Willow Creek Gaming,2025-01-01,Pot of Gold,Restaurant,42.1,23,1.89,0.944,1782.47,1628.51,153.96,1,0,-900.0
M0154,L010,Bluebonnet Gaming,2026-06-01,Classic Reels,Restaurant,21.6,20,1.05,0.895,1200.0,1076.28,123.72,0,0,-350.55
M0087,L021,Cedar Grove Gaming,2025-02-01,Pot of Gold,Bar,77.8,23,2.08,0.891,1698.55,1525.48,173.07,1,0,125.21
M0139,L021,Cedar Grove Gaming,2025-01-01,Pot of Gold,Convenience Store,79.1,27,1.82,0.887,2166.27,1953.61,212.66,1,0,44.4
M0060,L001,Bayou Star Gaming,2025-08-01,Classic Reels,Gaming Hall,129.6,23,0.99,0.931,1200.0,1108.24,91.76,0,0,-67.25
M0083,L026,Stonebridge Gaming,2026-02-01,Fire Link,Convenience Store,100.2,28,1.53,0.887,1567.11,1393.06,174.05,0,0,474.94
M0097,L036,Greenfield Game Center,2025-02-01,Fire Link,Gaming Hall,95.6,20,2.16,0.93,2843.9,2667.06,176.84,4,0,-893.75
M0173,L043,Victory Lane Gaming,2025-06-01,Life of Luxury,Bar,45.1,24,0.96,0.924,1724.38,1569.0,155.38,1,1,-398.87
M0153,L015,Prairie View Gaming,2025-05-01,Classic Reels,Gaming Hall,40.9,23,1.06,0.896,2028.13,1839.48,188.65,1,0,395.3
M0089,L040,Eagle Ridge Gaming,2025-08-01,Life of Luxury,Truck Stop,77.0,25,1.61,0.949,1401.03,1334.19,66.84,2,0,-715.55
M0118,L040,Eagle Ridge Gaming,2026-06-01,Life of Luxury,Bar,43.2,20,2.82,0.873,6851.44,5931.53,919.91,5,0,-217.53
M0037,L045,Summit Point Gaming,2025-06-01,Life of Luxury,Convenience Store,102.6,25,1.28,0.951,1380.85,1315.53,65.32,1,0,-749.52
M0145,L017,Grand Parkway Gaming,2025-04-01,Life of Luxury,Bar,20.4,29,1.92,0.918,3071.41,2814.42,256.99,2,0,11.78
M0100,L039,Crescent Bay Game Center,2025-03-01,Life of Luxury,Gaming Hall,8.8,30,1.79,0.858,1633.04,1416.44,216.6,1,0,1098.2
M0096,L026,Stonebridge Gaming,2025-04-01,Pot of Gold,Gaming Hall,70.8,23,1.33,0.95,1511.0,1428.91,82.09,1,0,-800.1
M0138,L003,Lone Star Game Center,2025-03-01,Pot of Gold,Truck Stop,31.0,25,1.74,0.934,3806.57,3565.71,240.86,0,0,117.99
M0114,L013,Heritage Oaks Gaming,2025-11-01,Fire Link,Restaurant,17.7,28,1.4,0.899,2100.36,1872.57,227.79,0,0,1483.8
M0014,L031,Oak Ridge Gaming,2025-08-01,Video Poker,Gaming Hall,180.0,25,1.45,0.886,2159.24,1888.79,270.45,0,0,434.39
M0052,L008,Silver Creek Gaming,2025-09-01,Pot of Gold,Restaurant,48.3,26,0.74,0.871,1200.0,1047.67,152.33,0,0,-146.56
M0032,L020,Brazos Bend Gaming,2026-03-01,Life of Luxury,Bar,14.1,24,1.64,0.97,1200.0,1151.09,48.91,0,0,-297.82
M0133,L035,Woodland Star Gaming,2025-11-01,Video Poker,Gaming Hall,28.1,30,2.14,0.887,3502.29,3140.18,362.11,0,0,696.51
M0007,L007,Magnolia Gaming Hall,2025-03-01,Video Poker,Convenience Store,38.3,27,1.68,0.878,3138.35,2777.77,360.58,1,0,825.04
M0037,L023,Willow Creek Gaming,2025-07-01,A-Liner,Gaming Hall,69.8,31,2.25,0.917,6133.35,5567.97,565.38,0,1,293.83
M0108,L010,Bluebonnet Gaming,2025-06-01,Life of Luxury,Gaming Hall,28.2,29,1.97,0.869,3300.68,2876.76,423.92,0,0,280.14
M0126,L025,Parkside Game Center,2026-03-01,Fire Link,Restaurant,42.5,24,1.62,0.885,3793.48,3322.19,471.29,0,0,543.61
M0091,L011,Sunset Bay Gaming,2025-06-01,Life of Luxury,Gaming Hall,58.6,23,1.3,0.935,1200.0,1098.9,101.1,0,0,-844.25
M0155,L044,Town Center Game Hall,2025-03-01,Pot of Gold,Truck Stop,66.7,21,1.38,0.922,1200.0,1097.8,102.2,2,0,-900.0
M0166,L004,Katy Oaks Gaming,2026-02-01,Fire Link,Convenience Store,45.0,27,0.84,0.9,2321.7,2088.13,233.57,0,0,310.27
M0024,L044,Town Center Game Hall,2025-08-01,A-Liner,Restaurant,148.0,28,1.5,0.91,2136.64,1957.71,178.93,0,0,146.36
M0172,L036,Greenfield Game Center,2025-02-01,Fire Link,Convenience Store,78.4,24,1.73,0.899,1684.4,1517.3,167.1,2,0,-876.11
M0111,L039,Crescent Bay Game Center,2026-01-01,A-Liner,Truck Stop,75.4,20,2.59,0.908,2408.4,2213.06,195.34,0,0,-278.18
M0115,L039,Crescent Bay Game Center,2025-04-01,Life of Luxury,Bar,73.5,29,1.94,0.891,1978.68,1739.71,238.97,1,1,277.51
M0018,L009,Pine Ridge Game Center,2026-04-01,Life of Luxury,Convenience Store,103.1,22,1.17,0.895,1200.0,1068.58,131.42,0,0,-634.15
M0112,L042,Market Square Gaming,2026-03-01,Classic Reels,Bar,55.8,26,0.86,0.895,1200.0,1097.68,102.32,1,0,653.97
M0131,L027,Northgate Gaming Hall,2025-07-01,Video Poker,Truck Stop,20.1,20,1.54,0.892,1526.29,1326.08,200.21,0,0,-159.12
M0105,L044,Town Center Game Hall,2025-11-01,Life of Luxury,Gaming Hall,64.5,20,2.1,0.936,1555.21,1447.24,107.97,1,1,-900.0
M0016,L040,Eagle Ridge Gaming,2025-11-01,A-Liner,Convenience Store,70.4,30,1.53,0.929,1882.08,1724.25,157.83,0,0,1147.1
M0095,L027,Northgate Gaming Hall,2025-12-01,Life of Luxury,Restaurant,114.0,28,1.95,0.887,1908.8,1688.63,220.17,1,0,-46.67
M0169,L017,Grand Parkway Gaming,2025-02-01,Pot of Gold,Bar,18.3,20,1.55,0.88,1200.0,1049.74,150.26,2,1,-853.62
M0131,L006,Westfield Game Center,2025-06-01,Classic Reels,Truck Stop,22.6,21,2.04,0.906,3292.25,3006.57,285.68,2,0,-620.34
M0025,L005,Gulf Coast Gaming,2025-04-01,Pot of Gold,Bar,49.5,25,0.77,0.964,2575.07,2490.26,84.81,1,0,150.5
M0173,L018,Copper Creek Gaming,2026-01-01,Fire Link,Gaming Hall,74.9,28,2.53,0.884,11298.62,9810.96,1487.66,1,0,1390.48
M0173,L037,Fairway Gaming Hall,2025-02-01,Fire Link,Convenience Store,15.3,25,1.04,0.906,1579.5,1419.88,159.62,0,0,-33.68
M0031,L023,Willow Creek Gaming,2025-10-01,Life of Luxury,Bar,18.8,30,2.09,0.912,2782.79,2537.9,244.89,1,0,479.45
M0145,L022,Horizon Game Center,2026-02-01,Pot of Gold,Gaming Hall,87.6,27,1.5,0.907,2533.94,2320.77,213.17,0,0,76.53
M0074,L012,Riverstone Game Center,2026-06-01,Life of Luxury,Gaming Hall,15.9,27,1.59,0.899,3116.21,2892.45,223.76,0,0,876.57
M0107,L026,Stonebridge Gaming,2025-06-01,Video Poker,Gaming Hall,22.9,23,1.52,0.939,1659.4,1572.17,87.23,2,0,-900.0
M0081,L029,Meadowbrook Gaming,2025-01-01,A-Liner,Restaurant,91.4,28,1.79,0.921,3506.24,3186.65,319.59,0,0,402.12
M0141,L045,Summit Point Gaming,2026-02-01,Fire Link,Truck Stop,74.2,30,1.9,0.931,1419.69,1320.13,99.56,0,0,539.04
M0180,L033,Spring Creek Gaming,2025-01-01,Pot of Gold,Convenience Store,28.4,20,2.23,0.925,1681.73,1559.25,122.48,1,0,-603.15
M0144,L028,Southpoint Game Center,2025-02-01,A-Liner,Gaming Hall,68.3,28,2.42,0.932,5269.7,4878.52,391.18,1,0,817.36
M0168,L041,Palms Gaming Center,2026-06-01,Pot of Gold,Convenience Store,59.3,30,1.83,0.95,1634.52,1562.02,72.5,0,0,-183.82
M0171,L020,Brazos Bend Gaming,2026-04-01,Fire Link,Truck Stop,43.6,25,2.59,0.943,3490.4,3196.31,294.09,0,0,493.15
M0017,L043,Victory Lane Gaming,2026-01-01,Classic Reels,Restaurant,35.2,29,1.7,0.968,2363.8,2303.85,59.95,0,0,-173.97
M0046,L017,Grand Parkway Gaming,2026-04-01,Fire Link,Gaming Hall,66.4,24,2.24,0.94,7144.3,6674.8,469.5,1,0,-17.76
M0130,L006,Westfield Game Center,2025-02-01,Life of Luxury,Gaming Hall,17.3,22,1.89,0.893,1453.34,1295.92,157.42,0,0,-672.81
M0107,L019,Lakeview Game Center,2025-02-01,Pot of Gold,Truck Stop,65.8,29,1.35,0.931,1211.27,1149.0,62.27,1,0,94.79
M0010,L006,Westfield Game Center,2025-06-01,Pot of Gold,Truck Stop,55.4,23,1.75,0.928,1493.11,1363.0,130.11,2,0,-628.87
M0018,L006,Westfield Game Center,2025-01-01,Fire Link,Gaming Hall,58.3,29,1.93,0.958,1998.92,1921.51,77.41,0,0,1135.33
M0094,L040,Eagle Ridge Gaming,2026-04-01,Video Poker,Restaurant,22.0,23,1.63,0.886,1200.0,1074.63,125.37,1,0,-152.08
M0111,L036,Greenfield Game Center,2025-02-01,Life of Luxury,Gaming Hall,115.9,24,1.88,0.924,1810.71,1676.8,133.91,1,0,-67.84
M0031,L010,Bluebonnet Gaming,2025-10-01,A-Liner,Gaming Hall,28.5,28,2.13,0.893,5586.03,4880.12,705.91,0,0,524.1
M0031,L038,Liberty Point Gaming,2026-04-01,A-Liner,Restaurant,32.3,24,1.64,0.923,1365.6,1282.58,83.02,1,0,82.14
M0024,L004,Katy Oaks Gaming,2026-02-01,Pot of Gold,Convenience Store,42.3,29,0.25,0.905,1200.0,1082.96,117.04,0,0,1105.13
M0102,L013,Heritage Oaks Gaming,2025-05-01,Pot of Gold,Bar,74.0,20,2.57,0.922,1793.51,1642.26,151.25,0,0,-40.31
M0002,L032,Bay Area Game Center,2025-09-01,Life of Luxury,Truck Stop,57.0,20,1.49,0.875,2061.4,1796.04,265.36,0,0,-807.94
M0104,L014,Clearwater Gaming Hall,2025-10-01,A-Liner,Restaurant,11.2,20,1.2,0.93,2133.3,1974.19,159.11,1,0,-689.64
M0086,L033,Spring Creek Gaming,2026-02-01,Fire Link,Gaming Hall,47.8,23,1.03,0.915,1200.0,1080.86,119.14,1,0,-165.77
M0084,L040,Eagle Ridge Gaming,2025-08-01,Classic Reels,Convenience Store,50.8,20,1.46,0.914,2099.96,1923.52,176.44,0,0,-698.13
M0123,L003,Lone Star Game Center,2025-06-01,Video Poker,Restaurant,117.8,24,1.34,0.959,1540.15,1465.97,74.18,1,0,697.21
M0095,L002,Cypress Point Gaming,2026-03-01,Classic Reels,Convenience Store,37.8,20,1.24,0.9,1200.0,1089.66,110.34,0,0,-675.71
M0131,L043,Victory Lane Gaming,2026-04-01,Video Poker,Truck Stop,69.6,29,1.27,0.919,2149.29,1988.55,160.74,1,1,-55.78
M0138,L024,Metro Star Gaming,2025-09-01,Classic Reels,Convenience Store,180.0,21,1.94,0.913,1650.78,1539.37,111.41,0,0,-858.77
M0166,L023,Willow Creek Gaming,2025-01-01,Classic Reels,Gaming Hall,104.6,31,2.77,0.915,9845.08,8983.25,861.83,2,1,749.23
M0144,L021,Cedar Grove Gaming,2025-10-01,Classic Reels,Gaming Hall,21.0,30,2.1,0.966,4064.99,3887.6,177.39,0,0,1187.12
M0094,L020,Brazos Bend Gaming,2026-05-01,Classic Reels,Restaurant,81.0,28,2.27,0.912,2979.45,2664.71,314.74,1,0,338.93
M0089,L032,Bay Area Game Center,2026-06-01,Classic Reels,Truck Stop,66.0,29,1.44,0.896,1552.85,1432.22,120.63,0,0,294.3
M0043,L027,Northgate Gaming Hall,2025-08-01,Video Poker,Gaming Hall,36.8,29,1.71,0.957,4045.27,3903.46,141.81,0,1,-271.07
M0108,L008,Silver Creek Gaming,2025-03-01,Fire Link,Gaming Hall,81.6,30,1.88,0.902,2585.59,2310.72,274.87,0,0,1175.98
M0026,L029,Meadowbrook Gaming,2025-11-01,A-Liner,Restaurant,20.7,26,1.29,0.87,1394.65,1241.68,152.97,1,0,2.11
M0168,L031,Oak Ridge Gaming,2026-03-01,Fire Link,Gaming Hall,29.0,27,1.42,0.891,9163.57,8313.87,849.7,0,0,921.43
M0153,L006,Westfield Game Center,2026-06-01,Classic Reels,Gaming Hall,42.7,25,2.12,0.879,1200.0,1035.34,164.66,0,0,-861.94
M0022,L017,Grand Parkway Gaming,2025-01-01,Fire Link,Truck Stop,35.5,27,2.25,0.865,4013.92,3435.75,578.17,0,0,624.98
M0142,L036,Greenfield Game Center,2025-06-01,Classic Reels,Restaurant,75.7,24,1.69,0.901,1693.26,1522.94,170.32,2,0,-528.32
M0022,L028,Southpoint Game Center,2025-09-01,Classic Reels,Truck Stop,46.8,21,0.99,0.908,1200.0,1074.19,125.81,1,0,-900.0
M0130,L007,Magnolia Gaming Hall,2025-02-01,Video Poker,Convenience Store,32.7,31,1.49,0.94,1597.28,1499.59,97.69,0,0,997.87
M0016,L002,Cypress Point Gaming,2026-04-01,Life of Luxury,Bar,103.5,28,0.86,0.926,1246.06,1164.5,81.56,0,0,-6.78
M0088,L027,Northgate Gaming Hall,2025-03-01,Classic Reels,Truck Stop,73.7,28,1.69,0.925,1892.64,1719.5,173.14,0,0,1107.97
M0119,L021,Cedar Grove Gaming,2025-12-01,Classic Reels,Gaming Hall,13.6,23,1.79,0.888,2336.71,2083.21,253.5,1,0,517.21
M0132,L044,Town Center Game Hall,2026-05-01,Video Poker,Gaming Hall,13.3,29,1.5,0.932,2005.8,1897.53,108.27,0,0,186.14
M0076,L024,Metro Star Gaming,2026-01-01,Video Poker,Truck Stop,32.9,26,1.78,0.945,5425.51,5153.16,272.35,0,0,859.96
M0166,L042,Market Square Gaming,2026-02-01,A-Liner,Convenience Store,15.2,20,1.88,0.92,1234.55,1134.67,99.88,2,1,-352.55
M0140,L010,Bluebonnet Gaming,2025-05-01,A-Liner,Truck Stop,92.6,31,1.79,0.921,3375.33,3081.62,293.71,0,0,478.42
M0038,L021,Cedar Grove Gaming,2026-03-01,Pot of Gold,Gaming Hall,30.1,31,0.99,0.878,1484.35,1318.06,166.29,1,0,195.78
M0121,L007,Magnolia Gaming Hall,2025-08-01,Video Poker,Truck Stop,69.5,30,1.51,0.936,3324.54,3064.82,259.72,0,0,-251.02
M0132,L026,Stonebridge Gaming,2025-02-01,Life of Luxury,Convenience Store,80.2,25,1.88,0.955,2608.31,2498.54,109.77,0,0,113.62
M0061,L009,Pine Ridge Game Center,2025-07-01,Classic Reels,Convenience Store,7.6,22,2.52,0.918,2274.35,2088.55,185.8,1,0,-712.72
M0133,L023,Willow Creek Gaming,2025-07-01,Classic Reels,Truck Stop,31.3,20,1.5,0.895,1200.0,1090.21,109.79,3,0,-656.63
M0162,L016,Red Oak Game Center,2025-10-01,Fire Link,Bar,41.2,28,1.95,0.906,2230.2,2004.97,225.23,1,0,115.07
M0148,L009,Pine Ridge Game Center,2025-05-01,Life of Luxury,Restaurant,58.9,30,2.13,0.899,5792.16,5172.56,619.6,0,0,632.14
M0138,L005,Gulf Coast Gaming,2025-09-01,Life of Luxury,Convenience Store,89.1,21,1.54,0.901,1200.0,1063.32,136.68,2,0,-900.0
M0115,L024,Metro Star Gaming,2025-08-01,Classic Reels,Restaurant,180.0,28,2.28,0.926,3123.79,2909.02,214.77,1,0,-521.6
M0049,L043,Victory Lane Gaming,2025-06-01,Fire Link,Truck Stop,138.5,20,2.31,0.917,1839.55,1677.51,162.04,1,0,-863.03
M0144,L009,Pine Ridge Game Center,2026-01-01,Pot of Gold,Convenience Store,46.4,29,2.41,0.935,4617.16,4269.28,347.88,0,0,314.13
M0066,L019,Lakeview Game Center,2025-06-01,Classic Reels,Gaming Hall,46.0,20,1.9,0.919,1459.39,1327.75,131.64,0,1,-721.97
M0096,L011,Sunset Bay Gaming,2026-02-01,Life of Luxury,Gaming Hall,129.2,31,2.95,0.888,3684.95,3295.99,388.96,2,0,550.32
M0057,L037,Fairway Gaming Hall,2025-05-01,Video Poker,Truck Stop,48.3,22,1.31,0.897,1200.0,1060.52,139.48,0,0,-682.06
M0057,L019,Lakeview Game Center,2026-04-01,Life of Luxury,Truck Stop,30.7,24,2.82,0.896,2809.79,2483.38,326.41,1,0,538.28
M0029,L044,Town Center Game Hall,2025-07-01,Life of Luxury,Truck Stop,93.6,28,2.07,0.905,3633.57,3327.46,306.11,1,0,260.15
M0174,L012,Riverstone Game Center,2025-01-01,Pot of Gold,Gaming Hall,60.9,30,2.39,0.955,4763.83,4539.96,223.87,1,0,1181.41
M0027,L004,Katy Oaks Gaming,2025-03-01,Fire Link,Bar,13.1,24,1.47,0.959,1243.57,1206.84,36.73,4,0,-477.29
M0016,L027,Northgate Gaming Hall,2026-03-01,Fire Link,Restaurant,38.1,31,2.11,0.931,3219.04,2983.04,236.0,0,0,778.54
M0169,L030,Crossroads Game Center,2026-04-01,Classic Reels,Restaurant,15.7,20,2.43,0.913,1200.0,1095.58,104.42,2,1,-900.0
M0100,L045,Summit Point Gaming,2025-04-01,Fire Link,Gaming Hall,3.2,25,1.05,0.876,2394.86,2102.39,292.47,0,0,615.15
M0079,L040,Eagle Ridge Gaming,2025-11-01,Life of Luxury,Convenience Store,151.1,31,1.56,0.916,2793.8,2605.63,188.17,1,0,374.76
M0133,L040,Eagle Ridge Gaming,2025-11-01,Life of Luxury,Gaming Hall,53.0,23,0.47,0.89,1200.0,1086.8,113.2,0,0,243.39
M0069,L029,Meadowbrook Gaming,2025-03-01,Life of Luxury,Bar,39.2,26,1.55,0.951,2253.44,2174.21,79.23,1,0,650.94
M0024,L017,Grand Parkway Gaming,2025-09-01,Video Poker,Gaming Hall,32.7,25,1.2,0.87,3623.96,3125.5,498.46,0,0,131.34
M0132,L020,Brazos Bend Gaming,2026-01-01,Pot of Gold,Gaming Hall,49.0,24,1.53,0.92,2212.84,2009.61,203.23,1,0,208.11
M0032,L007,Magnolia Gaming Hall,2026-06-01,Video Poker,Gaming Hall,32.4,29,3.26,0.888,3582.1,3213.61,368.49,0,0,982.95
M0100,L020,Brazos Bend Gaming,2026-04-01,Life of Luxury,Truck Stop,21.3,26,2.59,0.91,4550.61,4216.24,334.37,0,0,561.55
M0171,L017,Grand Parkway Gaming,2025-02-01,Pot of Gold,Restaurant,33.9,28,0.86,0.927,1200.0,1129.14,70.86,0,0,122.16
M0169,L002,Cypress Point Gaming,2025-05-01,Life of Luxury,Truck Stop,120.9,26,1.96,0.936,2452.11,2295.56,156.55,2,0,-367.17
M0065,L010,Bluebonnet Gaming,2025-08-01,Pot of Gold,Bar,92.2,31,2.09,0.908,2635.23,2415.8,219.43,2,0,135.37
M0141,L025,Parkside Game Center,2025-03-01,Classic Reels,Bar,33.9,25,1.46,0.929,1200.0,1125.53,74.47,1,0,-396.17
M0111,L017,Grand Parkway Gaming,2025-11-01,Fire Link,Bar,161.1,29,1.75,0.893,2572.72,2302.04,270.68,1,0,-78.51
M0087,L045,Summit Point Gaming,2025-01-01,Life of Luxury,Convenience Store,46.0,27,1.8,0.916,2897.19,2660.51,236.68,0,0,281.56
M0026,L022,Horizon Game Center,2025-03-01,A-Liner,Bar,25.6,29,0.91,0.935,1909.08,1787.24,121.84,0,0,138.13
M0068,L044,Town Center Game Hall,2025-01-01,A-Liner,Restaurant,62.9,30,1.08,0.918,1914.51,1739.41,175.1,0,0,710.51
M0118,L030,Crossroads Game Center,2025-06-01,Video Poker,Restaurant,133.6,22,1.74,0.897,1811.24,1609.77,201.47,2,0,-590.58
M0178,L002,Cypress Point Gaming,2026-02-01,Video Poker,Truck Stop,117.2,23,1.7,0.903,1719.58,1538.31,181.27,0,0,-127.54
M0001,L010,Bluebonnet Gaming,2025-04-01,A-Liner,Gaming Hall,26.7,23,1.26,0.935,1200.0,1098.97,101.03,1,0,-371.21
M0130,L032,Bay Area Game Center,2026-06-01,Classic Reels,Convenience Store,17.7,25,1.21,0.883,1213.73,1073.8,139.93,0,0,81.92
M0153,L025,Parkside Game Center,2025-05-01,Classic Reels,Gaming Hall,36.5,25,1.6,0.886,1200.0,1062.62,137.38,3,2,-900.0
M0172,L014,Clearwater Gaming Hall,2025-01-01,Fire Link,Gaming Hall,70.4,20,2.14,0.925,1294.88,1209.6,85.28,3,0,-493.69
M0077,L024,Metro Star Gaming,2025-07-01,Classic Reels,Restaurant,84.0,30,1.61,0.899,1673.63,1529.91,143.72,1,0,97.6
M0022,L041,Palms Gaming Center,2026-02-01,Pot of Gold,Convenience Store,106.4,30,2.54,0.874,3656.05,3253.49,402.56,0,0,810.38
M0049,L018,Copper Creek Gaming,2025-02-01,Classic Reels,Restaurant,55.1,27,1.27,0.944,1200.0,1153.23,46.77,0,0,-443.66
M0154,L003,Lone Star Game Center,2025-02-01,Video Poker,Gaming Hall,56.5,23,1.76,0.883,4455.07,3893.35,561.72,0,0,530.49
M0159,L014,Clearwater Gaming Hall,2026-04-01,Pot of Gold,Truck Stop,53.7,29,1.46,0.905,2877.67,2554.84,322.83,1,0,272.6
M0115,L043,Victory Lane Gaming,2025-11-01,Classic Reels,Truck Stop,97.3,23,1.97,0.895,1814.27,1644.04,170.23,1,0,-704.59
M0023,L035,Woodland Star Gaming,2025-07-01,Video Poker,Bar,85.1,23,1.22,0.903,2363.34,2173.29,190.05,1,0,-776.95
M0022,L038,Liberty Point Gaming,2026-02-01,Life of Luxury,Truck Stop,25.9,31,2.71,0.888,8674.51,7864.93,809.58,1,0,688.74
M0087,L042,Market Square Gaming,2026-04-01,Fire Link,Gaming Hall,78.1,31,0.72,0.928,1924.78,1797.4,127.38,1,0,299.6
M0106,L006,Westfield Game Center,2025-07-01,Video Poker,Restaurant,93.1,27,2.59,0.913,2051.53,1823.89,227.64,0,0,887.62
M0006,L013,Heritage Oaks Gaming,2025-11-01,Video Poker,Truck Stop,98.2,22,1.7,0.935,1450.38,1362.47,87.91,3,0,-900.0
M0124,L003,Lone Star Game Center,2025-01-01,Pot of Gold,Restaurant,61.0,21,1.95,0.895,1200.0,1082.0,118.0,3,0,-900.0
M0099,L001,Bayou Star Gaming,2025-06-01,Life of Luxury,Restaurant,58.6,31,2.38,0.963,3180.32,3110.43,69.89,0,0,682.17
M0003,L038,Liberty Point Gaming,2025-11-01,A-Liner,Bar,47.5,23,2.12,0.862,1395.97,1227.27,168.7,1,0,-711.64
M0018,L043,Victory Lane Gaming,2025-04-01,Life of Luxury,Restaurant,51.2,28,1.25,0.87,1333.73,1174.9,158.83,1,0,569.27
M0082,L008,Silver Creek Gaming,2026-06-01,Life of Luxury,Restaurant,145.3,24,1.98,0.954,2333.43,2209.65,123.78,0,0,-400.79
M0131,L033,Spring Creek Gaming,2026-06-01,Pot of Gold,Gaming Hall,52.5,25,2.68,0.922,1841.21,1674.86,166.35,1,0,-116.01
M0149,L025,Parkside Game Center,2025-05-01,Pot of Gold,Gaming Hall,27.7,31,1.16,0.919,1346.79,1246.33,100.46,0,0,1183.2
M0078,L004,Katy Oaks Gaming,2025-08-01,A-Liner,Restaurant,61.9,27,2.82,0.921,2429.45,2214.42,215.03,0,0,550.65
M0054,L042,Market Square Gaming,2025-04-01,A-Liner,Convenience Store,82.9,25,1.86,0.924,1663.51,1566.53,96.98,3,0,-900.0
M0175,L040,Eagle Ridge Gaming,2025-10-01,A-Liner,Bar,95.5,24,1.41,0.917,1230.56,1103.25,127.31,0,0,-585.01
M0083,L026,Stonebridge Gaming,2025-03-01,Classic Reels,Truck Stop,21.1,22,1.16,0.886,1200.0,1071.36,128.64,0,0,-900.0
M0057,L032,Bay Area Game Center,2025-08-01,Fire Link,Convenience Store,126.4,26,1.53,0.93,1348.73,1259.49,89.24,0,0,1080.24
M0080,L018,Copper Creek Gaming,2025-10-01,Life of Luxury,Bar,80.8,26,0.57,0.927,1200.0,1109.42,90.58,0,0,-300.02
M0003,L036,Greenfield Game Center,2025-12-01,Pot of Gold,Bar,121.7,21,1.42,0.946,1246.85,1165.68,81.17,0,0,20.29
M0055,L021,Cedar Grove Gaming,2025-11-01,Life of Luxury,Convenience Store,14.7,24,1.64,0.954,1338.65,1243.95,94.7,0,0,-276.5
M0093,L045,Summit Point Gaming,2025-04-01,Life of Luxury,Restaurant,48.7,27,1.06,0.918,1200.0,1093.95,106.05,1,0,-458.59
M0166,L003,Lone Star Game Center,2026-03-01,Pot of Gold,Convenience Store,20.2,20,2.06,0.879,1851.07,1615.68,235.39,1,0,-397.08
M0133,L008,Silver Creek Gaming,2026-01-01,Pot of Gold,Bar,39.8,31,1.53,0.954,2988.48,2890.88,97.6,0,0,480.5
M0141,L044,Town Center Game Hall,2026-02-01,Pot of Gold,Restaurant,82.6,30,1.3,0.885,2427.65,2125.66,301.99,2,1,407.65
M0099,L013,Heritage Oaks Gaming,2025-09-01,A-Liner,Restaurant,18.5,27,1.47,0.918,1200.0,1108.12,91.88,0,0,558.75
M0020,L014,Clearwater Gaming Hall,2026-05-01,A-Liner,Restaurant,32.2,20,1.85,0.904,1200.0,1066.19,133.81,3,1,-900.0
M0071,L036,Greenfield Game Center,2025-08-01,Video Poker,Gaming Hall,14.4,26,1.69,0.899,4317.03,3905.89,411.14,0,0,-58.03
M0180,L009,Pine Ridge Game Center,2026-03-01,Classic Reels,Restaurant,81.1,30,1.26,0.929,1657.2,1495.04,162.16,2,1,-631.75
M0008,L024,Metro Star Gaming,2025-04-01,A-Liner,Bar,25.5,20,1.72,0.916,1200.0,1129.37,70.63,0,1,-900.0
M0159,L013,Heritage Oaks Gaming,2025-05-01,Pot of Gold,Gaming Hall,50.1,29,1.62,0.923,3413.92,3145.27,268.65,2,1,-65.43
M0124,L009,Pine Ridge Game Center,2025-10-01,A-Liner,Convenience Store,66.1,30,1.02,0.89,1772.35,1517.96,254.39,0,0,563.54
M0052,L044,Town Center Game Hall,2025-11-01,Pot of Gold,Restaurant,61.4,20,1.49,0.906,2910.36,2611.72,298.64,2,0,-900.0
M0141,L009,Pine Ridge Game Center,2026-02-01,Fire Link,Convenience Store,57.5,22,1.97,0.891,2217.31,1952.32,264.99,0,0,-639.84
M0151,L005,Gulf Coast Gaming,2025-06-01,Fire Link,Restaurant,57.4,28,1.96,0.905,4311.27,3867.77,443.5,0,0,597.0
M0008,L031,Oak Ridge Gaming,2026-04-01,Fire Link,Bar,15.4,30,1.52,0.907,1530.15,1381.15,149.0,1,1,-82.15
M0020,L040,Eagle Ridge Gaming,2025-06-01,Life of Luxury,Gaming Hall,41.5,29,2.02,0.956,3516.94,3334.23,182.71,0,0,437.1
M0120,L006,Westfield Game Center,2025-10-01,A-Liner,Bar,57.1,26,1.11,0.904,1200.0,1073.04,126.96,1,0,-175.37
M0180,L032,Bay Area Game Center,2026-05-01,Classic Reels,Bar,52.7,27,1.13,0.857,1488.25,1254.74,233.51,1,0,299.5
M0005,L025,Parkside Game Center,2025-10-01,Classic Reels,Restaurant,45.2,26,1.51,0.945,2915.66,2784.05,131.61,1,0,-260.24
M0120,L038,Liberty Point Gaming,2026-01-01,A-Liner,Restaurant,28.5,26,2.47,0.921,2837.16,2653.92,183.24,0,0,-27.94
M0025,L006,Westfield Game Center,2026-05-01,Fire Link,Restaurant,60.5,29,1.74,0.907,1679.34,1518.03,161.31,1,0,-469.58
M0118,L044,Town Center Game Hall,2026-06-01,Pot of Gold,Gaming Hall,68.6,20,1.5,0.899,1200.0,1078.55,121.45,1,0,-558.82
M0113,L028,Southpoint Game Center,2025-09-01,Classic Reels,Bar,35.6,22,2.5,0.886,4698.58,4099.44,599.14,1,0,144.87
M0017,L038,Liberty Point Gaming,2025-08-01,Fire Link,Gaming Hall,95.9,20,1.49,0.958,2571.19,2465.39,105.8,1,0,-661.03
M0123,L017,Grand Parkway Gaming,2025-04-01,Life of Luxury,Convenience Store,128.1,29,2.88,0.911,4099.74,3746.18,353.56,0,0,1266.3
M0162,L043,Victory Lane Gaming,2025-10-01,Life of Luxury,Gaming Hall,50.8,28,1.37,0.867,2017.48,1743.84,273.64,0,0,584.6
M0156,L029,Meadowbrook Gaming,2026-05-01,Video Poker,Convenience Store,26.4,20,1.09,0.918,1200.0,1107.3,92.7,0,0,-525.48
M0006,L006,Westfield Game Center,2025-09-01,A-Liner,Restaurant,18.3,21,1.56,0.94,1200.0,1132.45,67.55,0,0,-163.28
M0045,L042,Market Square Gaming,2025-07-01,Fire Link,Convenience Store,39.4,23,1.51,0.914,1884.3,1698.41,185.89,0,0,810.21
M0044,L036,Greenfield Game Center,2025-02-01,A-Liner,Gaming Hall,48.1,22,1.21,0.887,1200.0,1081.58,118.42,1,1,-542.69
M0082,L014,Clearwater Gaming Hall,2025-08-01,Fire Link,Bar,17.4,26,3.08,0.885,3873.36,3418.27,455.09,0,0,-391.76
M0026,L025,Parkside Game Center,2025-05-01,Fire Link,Convenience Store,38.5,25,1.83,0.887,1593.93,1445.86,148.07,2,1,-307.08
M0154,L018,Copper Creek Gaming,2026-06-01,Life of Luxury,Convenience Store,92.6,24,1.91,0.948,1200.0,1143.65,56.35,1,0,-716.45
M0140,L025,Parkside Game Center,2025-10-01,Fire Link,Gaming Hall,6.3,21,1.4,0.908,1752.1,1632.35,119.75,2,0,-900.0
M0146,L044,Town Center Game Hall,2025-03-01,A-Liner,Truck Stop,53.1,27,1.33,0.868,1200.0,1058.52,141.48,3,0,555.5
M0036,L041,Palms Gaming Center,2025-02-01,Pot of Gold,Bar,32.0,29,2.21,0.92,3080.85,2842.78,238.07,1,0,1074.2
M0003,L010,Bluebonnet Gaming,2026-04-01,Classic Reels,Bar,49.2,27,0.73,0.914,1200.0,1086.39,113.61,1,0,-325.79
M0164,L044,Town Center Game Hall,2026-05-01,Life of Luxury,Gaming Hall,132.6,29,1.64,0.899,3857.22,3435.17,422.05,0,0,278.8
M0053,L020,Brazos Bend Gaming,2026-02-01,A-Liner,Bar,47.5,30,1.51,0.884,2322.24,2067.71,254.53,0,0,714.9
M0119,L032,Bay Area Game Center,2025-03-01,A-Liner,Bar,42.6,30,2.39,0.883,3722.36,3293.24,429.12,0,0,468.31
M0164,L035,Woodland Star Gaming,2025-02-01,A-Liner,Gaming Hall,77.6,27,1.44,0.937,2651.52,2465.73,185.79,2,0,-52.15
M0007,L022,Horizon Game Center,2025-04-01,A-Liner,Convenience Store,61.0,20,1.88,0.916,2001.6,1853.48,148.12,1,0,-900.0
M0001,L021,Cedar Grove Gaming,2026-02-01,Video Poker,Bar,53.3,24,1.67,0.922,2261.06,2085.75,175.31,2,0,-455.29
M0001,L021,Cedar Grove Gaming,2026-02-01,Fire Link,Truck Stop,62.6,25,2.36,0.916,3980.56,3686.27,294.29,0,0,-309.12
M0029,L039,Crescent Bay Game Center,2026-04-01,Classic Reels,Truck Stop,109.6,28,0.78,0.918,1321.78,1197.92,123.86,3,1,-155.46
M0010,L018,Copper Creek Gaming,2025-02-01,Classic Reels,Gaming Hall,88.6,30,2.05,0.898,1200.0,1091.99,108.01,0,0,950.85
M0148,L013,Heritage Oaks Gaming,2025-03-01,Life of Luxury,Gaming Hall,40.4,27,1.54,0.905,6224.84,5670.9,553.94,1,1,206.48
M0110,L017,Grand Parkway Gaming,2026-05-01,Life of Luxury,Restaurant,128.0,24,2.16,0.939,4508.11,4297.9,210.21,2,0,-399.67
M0177,L009,Pine Ridge Game Center,2026-05-01,Fire Link,Truck Stop,33.6,29,1.2,0.945,2283.55,2184.74,98.81,0,0,745.46
M0145,L018,Copper Creek Gaming,2026-02-01,Life of Luxury,Truck Stop,53.1,28,1.66,0.879,1333.6,1170.87,162.73,2,0,93.61
M0174,L006,Westfield Game Center,2025-02-01,Fire Link,Gaming Hall,57.6,29,1.59,0.905,5367.76,4847.17,520.59,1,0,1438.87
M0043,L005,Gulf Coast Gaming,2025-02-01,Fire Link,Gaming Hall,38.9,27,1.1,0.931,1524.57,1451.99,72.58,2,0,-544.17
M0052,L033,Spring Creek Gaming,2025-02-01,A-Liner,Gaming Hall,48.7,27,0.95,0.957,1778.26,1695.59,82.67,2,0,207.48
M0153,L004,Katy Oaks Gaming,2026-01-01,Life of Luxury,Restaurant,37.5,24,1.33,0.955,1200.0,1156.78,43.22,0,0,-167.92
M0045,L026,Stonebridge Gaming,2026-04-01,Classic Reels,Convenience Store,44.8,24,1.72,0.89,3683.42,3261.39,422.03,2,2,-900.0
M0011,L036,Greenfield Game Center,2025-12-01,Fire Link,Bar,97.4,23,1.23,0.942,1200.0,1103.59,96.41,0,1,424.02
M0121,L033,Spring Creek Gaming,2025-05-01,Classic Reels,Convenience Store,34.5,23,1.47,0.911,1200.0,1075.53,124.47,2,0,550.2
M0145,L021,Cedar Grove Gaming,2026-02-01,Pot of Gold,Gaming Hall,16.7,27,0.61,0.936,1200.0,1129.05,70.95,1,0,76.84
M0175,L009,Pine Ridge Game Center,2025-02-01,Fire Link,Convenience Store,54.2,24,1.45,0.93,1570.43,1473.71,96.72,1,0,-37.44
M0168,L042,Market Square Gaming,2026-03-01,Pot of Gold,Gaming Hall,21.5,21,2.21,0.878,2492.7,2200.83,291.87,0,0,-303.54
M0022,L038,Liberty Point Gaming,2026-05-01,A-Liner,Convenience Store,19.5,20,2.04,0.924,2434.49,2282.95,151.54,2,0,-792.19
M0139,L028,Southpoint Game Center,2026-01-01,Life of Luxury,Restaurant,6.4,30,1.6,0.935,1754.91,1649.08,105.83,3,1,-631.33
M0153,L004,Katy Oaks Gaming,2026-04-01,Video Poker,Convenience Store,7.5,25,1.78,0.909,2741.71,2466.71,275.0,0,0,-302.35
M0126,L002,Cypress Point Gaming,2025-11-01,Life of Luxury,Bar,8.1,26,1.19,0.904,1200.0,1093.36,106.64,2,0,694.39
M0148,L015,Prairie View Gaming,2025-09-01,A-Liner,Restaurant,139.0,30,2.54,0.871,2678.22,2338.18,340.04,0,0,563.74
M0151,L008,Silver Creek Gaming,2025-06-01,Life of Luxury,Restaurant,8.1,21,2.79,0.927,2298.08,2114.45,183.63,0,0,-195.41
M0081,L039,Crescent Bay Game Center,2026-05-01,A-Liner,Gaming Hall,21.0,31,1.74,0.915,3678.54,3386.72,291.82,0,0,505.39
M0008,L010,Bluebonnet Gaming,2026-01-01,Fire Link,Gaming Hall,45.4,28,3.07,0.887,6967.2,6186.54,780.66,1,0,998.21
M0083,L013,Heritage Oaks Gaming,2025-04-01,Fire Link,Convenience Store,75.3,27,1.28,0.902,2165.63,1937.68,227.95,1,0,-463.81
M0037,L044,Town Center Game Hall,2026-06-01,Life of Luxury,Gaming Hall,80.6,25,0.96,0.914,1641.2,1496.55,144.65,0,0,-272.84
M0021,L037,Fairway Gaming Hall,2025-02-01,Pot of Gold,Gaming Hall,26.4,28,1.26,0.896,3023.48,2760.32,263.16,1,0,-87.1
M0023,L010,Bluebonnet Gaming,2025-11-01,Pot of Gold,Gaming Hall,52.4,22,1.53,0.91,1475.44,1367.1,108.34,0,0,344.19
M0126,L018,Copper Creek Gaming,2025-04-01,Video Poker,Gaming Hall,44.4,23,2.92,0.866,4514.15,3919.45,594.7,1,0,-500.42
M0091,L024,Metro Star Gaming,2025-12-01,Fire Link,Bar,50.3,31,1.5,0.944,5241.3,4951.39,289.91,0,0,283.94
M0098,L030,Crossroads Game Center,2025-08-01,Pot of Gold,Convenience Store,55.2,23,1.18,0.91,1200.0,1071.36,128.64,1,0,-900.0
M0135,L043,Victory Lane Gaming,2025-08-01,Video Poker,Gaming Hall,66.0,28,1.16,0.883,2279.27,2059.62,219.65,0,0,65.51
M0099,L040,Eagle Ridge Gaming,2026-01-01,Pot of Gold,Restaurant,31.5,31,2.28,0.849,4390.31,3781.97,608.34,2,0,690.11
M0114,L044,Town Center Game Hall,2026-02-01,Fire Link,Gaming Hall,106.5,27,2.2,0.936,7702.42,7278.97,423.45,0,0,932.86
M0016,L002,Cypress Point Gaming,2025-07-01,Classic Reels,Bar,37.7,23,1.38,0.924,1825.8,1637.2,188.6,0,0,-173.5
M0154,L011,Sunset Bay Gaming,2026-06-01,Video Poker,Gaming Hall,180.0,30,0.62,0.915,1200.0,1098.59,101.41,0,0,155.12
M0081,L026,Stonebridge Gaming,2025-09-01,Classic Reels,Restaurant,33.1,29,1.03,0.932,1334.91,1242.1,92.81,0,0,500.42
M0028,L003,Lone Star Game Center,2025-03-01,Fire Link,Truck Stop,53.1,26,2.6,0.932,2945.53,2769.37,176.16,1,0,-116.59
M0147,L016,Red Oak Game Center,2025-01-01,Video Poker,Bar,44.7,21,2.03,0.915,1674.22,1522.85,151.37,2,0,445.35
M0133,L007,Magnolia Gaming Hall,2025-04-01,Pot of Gold,Gaming Hall,51.6,25,1.69,0.904,1534.15,1382.61,151.54,0,0,-131.28
M0010,L042,Market Square Gaming,2026-01-01,Video Poker,Gaming Hall,99.1,25,2.68,0.9,7221.57,6553.09,668.48,1,0,505.22
M0035,L003,Lone Star Game Center,2025-10-01,Classic Reels,Gaming Hall,42.8,22,2.73,0.921,3760.28,3428.31,331.97,0,0,303.98
M0003,L007,Magnolia Gaming Hall,2025-07-01,Video Poker,Restaurant,18.8,24,1.63,0.945,1200.0,1125.73,74.27,0,0,-324.44
M0049,L009,Pine Ridge Game Center,2025-09-01,Life of Luxury,Gaming Hall,31.1,21,1.64,0.907,2359.71,2145.73,213.98,1,0,-232.38
M0018,L007,Magnolia Gaming Hall,2026-04-01,Pot of Gold,Truck Stop,42.9,28,1.33,0.947,3415.92,3289.74,126.18,0,0,152.54
M0128,L026,Stonebridge Gaming,2025-11-01,A-Liner,Convenience Store,56.5,25,1.49,0.919,2088.86,1939.93,148.93,0,0,119.04
M0095,L017,Grand Parkway Gaming,2025-02-01,Fire Link,Bar,26.5,28,0.83,0.92,1200.0,1119.49,80.51,0,0,403.47
M0177,L042,Market Square Gaming,2025-01-01,Fire Link,Restaurant,28.9,25,0.83,0.97,1200.0,1164.91,35.09,0,0,-49.34
M0135,L012,Riverstone Game Center,2025-09-01,Video Poker,Gaming Hall,58.0,28,0.7,0.951,1321.15,1280.12,41.03,2,0,-486.75
M0111,L025,Parkside Game Center,2025-08-01,A-Liner,Restaurant,59.4,28,2.25,0.952,1707.14,1589.53,117.61,0,0,1048.37
M0092,L030,Crossroads Game Center,2026-04-01,Life of Luxury,Gaming Hall,90.0,21,0.79,0.89,1321.86,1208.53,113.33,1,0,-250.5
M0010,L029,Meadowbrook Gaming,2025-11-01,Fire Link,Restaurant,30.8,25,2.72,0.965,5096.48,5020.03,76.45,0,0,-625.59
M0013,L036,Greenfield Game Center,2026-02-01,Pot of Gold,Convenience Store,70.5,28,1.25,0.908,2419.26,2209.94,209.32,1,0,69.03
M0111,L010,Bluebonnet Gaming,2025-11-01,Life of Luxury,Gaming Hall,44.7,27,2.61,0.904,9098.07,8315.52,782.55,0,0,264.57
M0001,L023,Willow Creek Gaming,2025-07-01,Pot of Gold,Restaurant,34.4,22,1.45,0.856,2520.51,2156.41,364.1,1,0,179.22
M0008,L037,Fairway Gaming Hall,2025-12-01,Classic Reels,Gaming Hall,45.8,29,0.79,0.918,2507.94,2295.98,211.96,1,0,393.58
M0040,L039,Crescent Bay Game Center,2025-12-01,Classic Reels,Gaming Hall,50.6,22,2.36,0.883,4846.62,4244.04,602.58,1,0,112.69
M0160,L028,Southpoint Game Center,2026-01-01,Fire Link,Restaurant,17.0,31,2.42,0.92,7019.24,6453.57,565.67,1,0,599.05
M0083,L030,Crossroads Game Center,2025-04-01,Fire Link,Bar,18.2,28,1.15,0.881,1786.01,1585.39,200.62,0,0,367.39
M0128,L039,Crescent Bay Game Center,2025-12-01,A-Liner,Truck Stop,77.1,23,1.47,0.955,1200.0,1152.05,47.95,1,0,-68.6
M0075,L029,Meadowbrook Gaming,2025-06-01,Classic Reels,Convenience Store,37.0,22,1.15,0.924,2520.08,2388.63,131.45,1,0,47.4
M0032,L043,Victory Lane Gaming,2026-03-01,Video Poker,Convenience Store,56.8,30,1.58,0.967,1838.91,1780.44,58.47,0,0,763.45
M0067,L006,Westfield Game Center,2026-03-01,Fire Link,Gaming Hall,75.6,26,1.71,0.884,5216.7,4518.36,698.34,0,0,62.38
M0017,L016,Red Oak Game Center,2025-12-01,Classic Reels,Gaming Hall,46.0,29,1.46,0.949,1724.08,1670.17,53.91,0,0,290.91
M0139,L006,Westfield Game Center,2026-06-01,Fire Link,Truck Stop,71.4,29,0.65,0.865,1705.31,1450.11,255.2,0,0,671.88
M0034,L005,Gulf Coast Gaming,2025-10-01,Fire Link,Gaming Hall,50.8,20,1.33,0.915,1200.0,1089.94,110.06,1,0,-811.29
M0068,L022,Horizon Game Center,2025-01-01,Video Poker,Convenience Store,52.5,28,2.04,0.894,1807.87,1622.13,185.74,2,0,-622.01
M0177,L011,Sunset Bay Gaming,2025-11-01,Fire Link,Gaming Hall,104.4,24,1.54,0.899,2450.89,2215.62,235.27,0,0,-545.85
M0107,L019,Lakeview Game Center,2026-02-01,Fire Link,Gaming Hall,42.5,30,1.47,0.897,3722.19,3274.24,447.95,0,0,1568.52
M0083,L020,Brazos Bend Gaming,2025-02-01,Life of Luxury,Convenience Store,77.7,22,1.14,0.887,1609.95,1413.6,196.35,0,0,-754.27
M0098,L028,Southpoint Game Center,2025-02-01,Fire Link,Restaurant,14.3,20,1.31,0.879,1200.0,1033.48,166.52,1,1,-734.25
M0142,L043,Victory Lane Gaming,2025-05-01,Fire Link,Restaurant,55.4,27,2.42,0.899,4322.43,3918.11,404.32,2,0,222.78
M0046,L039,Crescent Bay Game Center,2026-04-01,A-Liner,Truck Stop,121.8,26,1.02,0.913,2139.82,1984.04,155.78,0,0,-16.68
M0115,L018,Copper Creek Gaming,2025-10-01,Fire Link,Gaming Hall,180.0,26,2.05,0.939,10110.84,9345.83,765.01,0,0,510.85
M0158,L015,Prairie View Gaming,2026-06-01,Life of Luxury,Bar,15.0,23,1.68,0.917,2605.0,2419.91,185.09,0,0,307.35
M0104,L035,Woodland Star Gaming,2026-04-01,Video Poker,Gaming Hall,36.9,25,1.78,0.939,2076.86,1973.37,103.49,1,1,-349.72
M0081,L006,Westfield Game Center,2025-10-01,Life of Luxury,Restaurant,21.9,31,1.25,0.873,1200.0,1038.11,161.89,0,0,420.17
M0027,L025,Parkside Game Center,2026-01-01,Video Poker,Bar,43.7,29,1.46,0.899,4314.17,3775.8,538.37,0,0,826.1
M0045,L020,Brazos Bend Gaming,2025-06-01,Life of Luxury,Convenience Store,86.2,31,1.65,0.928,2843.35,2602.08,241.27,1,0,-43.65
M0171,L009,Pine Ridge Game Center,2025-02-01,A-Liner,Gaming Hall,106.8,23,1.36,0.919,1707.57,1557.06,150.51,1,0,-104.84
M0098,L028,Southpoint Game Center,2025-08-01,Fire Link,Restaurant,109.1,30,1.83,0.888,1362.63,1235.22,127.41,0,0,161.46
M0055,L015,Prairie View Gaming,2025-11-01,Classic Reels,Restaurant,13.7,24,1.9,0.933,1200.0,1117.9,82.1,0,1,-647.35
M0076,L009,Pine Ridge Game Center,2025-04-01,Pot of Gold,Truck Stop,49.8,31,2.84,0.897,6435.32,5694.73,740.59,0,0,1472.05
M0105,L030,Crossroads Game Center,2025-04-01,Video Poker,Gaming Hall,30.3,30,1.8,0.891,3575.44,3192.06,383.38,0,0,685.88
M0097,L008,Silver Creek Gaming,2025-01-01,Fire Link,Truck Stop,41.9,21,0.6,0.922,1200.0,1087.75,112.25,1,1,-887.35
M0126,L031,Oak Ridge Gaming,2026-02-01,A-Liner,Gaming Hall,33.7,31,2.29,0.91,5135.12,4704.65,430.47,0,0,1452.14
M0047,L008,Silver Creek Gaming,2026-05-01,Fire Link,Bar,14.4,27,1.54,0.897,1200.0,1062.32,137.68,0,0,-63.53
M0117,L020,Brazos Bend Gaming,2026-03-01,Pot of Gold,Gaming Hall,107.5,29,2.76,0.896,9239.39,8186.19,1053.2,1,0,1452.19
M0080,L037,Fairway Gaming Hall,2025-07-01,Fire Link,Gaming Hall,26.7,26,2.46,0.883,4839.77,4295.32,544.45,2,1,575.93
M0170,L011,Sunset Bay Gaming,2025-11-01,Life of Luxury,Convenience Store,30.7,22,1.37,0.9,1200.0,1105.2,94.8,1,0,94.19
M0029,L035,Woodland Star Gaming,2026-06-01,Life of Luxury,Gaming Hall,122.2,31,2.05,0.938,5931.22,5719.91,211.31,0,0,1532.6
M0027,L033,Spring Creek Gaming,2025-11-01,A-Liner,Bar,12.0,21,1.32,0.916,1451.15,1311.15,140.0,1,1,-900.0
M0084,L041,Palms Gaming Center,2025-06-01,Fire Link,Convenience Store,65.3,29,1.65,0.934,3885.48,3601.22,284.26,0,0,174.77
M0092,L008,Silver Creek Gaming,2025-07-01,Pot of Gold,Restaurant,94.3,22,2.02,0.923,2136.07,1984.81,151.26,1,0,-86.64
M0125,L033,Spring Creek Gaming,2026-02-01,Pot of Gold,Restaurant,116.1,29,2.26,0.895,3230.3,2936.42,293.88,0,0,815.59
M0073,L043,Victory Lane Gaming,2025-09-01,Life of Luxury,Convenience Store,62.3,25,2.14,0.869,1915.9,1615.16,300.74,1,0,-312.8
M0165,L035,Woodland Star Gaming,2026-04-01,Life of Luxury,Gaming Hall,78.6,22,1.69,0.887,2538.27,2254.11,284.16,0,0,130.81
M0086,L009,Pine Ridge Game Center,2026-04-01,A-Liner,Restaurant,94.2,22,3.02,0.893,5470.96,4853.59,617.37,0,0,1274.78
M0024,L037,Fairway Gaming Hall,2025-01-01,Pot of Gold,Gaming Hall,44.2,23,1.45,0.891,1732.55,1503.7,228.85,3,0,-342.71
M0022,L005,Gulf Coast Gaming,2026-02-01,Video Poker,Gaming Hall,23.7,30,0.77,0.935,1735.7,1595.03,140.67,0,0,980.22
M0176,L027,Northgate Gaming Hall,2025-07-01,Life of Luxury,Gaming Hall,128.2,29,0.87,0.934,1200.0,1112.62,87.38,0,0,978.32
M0025,L023,Willow Creek Gaming,2025-10-01,Pot of Gold,Convenience Store,73.1,28,2.46,0.965,1212.79,1171.2,41.59,1,0,1118.13
M0171,L024,Metro Star Gaming,2025-05-01,Video Poker,Bar,49.8,27,1.61,0.891,2205.37,1991.66,213.71,1,0,280.58
M0051,L024,Metro Star Gaming,2025-07-01,Life of Luxury,Convenience Store,15.1,25,1.74,0.95,2065.14,1970.66,94.48,1,0,422.75
M0017,L002,Cypress Point Gaming,2025-06-01,Fire Link,Bar,4.9,30,1.35,0.95,2180.53,2096.3,84.23,0,0,255.16
M0055,L023,Willow Creek Gaming,2025-01-01,Video Poker,Bar,64.5,23,1.4,0.904,1200.0,1085.18,114.82,1,0,-306.94
M0111,L043,Victory Lane Gaming,2026-03-01,Video Poker,Bar,4.5,31,1.22,0.922,2000.31,1827.36,172.95,1,1,93.08
M0078,L020,Brazos Bend Gaming,2025-03-01,Classic Reels,Gaming Hall,49.4,24,1.91,0.941,2651.84,2489.53,162.31,1,0,-900.0
M0142,L013,Heritage Oaks Gaming,2025-07-01,Pot of Gold,Bar,27.8,24,1.6,0.909,1378.87,1264.9,113.97,0,1,-900.0
M0110,L045,Summit Point Gaming,2025-04-01,A-Liner,Convenience Store,33.7,25,1.89,0.907,1200.0,1103.27,96.73,0,0,179.1
M0073,L005,Gulf Coast Gaming,2025-03-01,Video Poker,Convenience Store,109.8,28,1.84,0.894,1745.3,1557.2,188.1,0,0,452.12
M0115,L022,Horizon Game Center,2025-07-01,Video Poker,Gaming Hall,28.0,28,1.42,0.851,2993.9,2514.43,479.47,1,0,135.9
M0175,L024,Metro Star Gaming,2026-05-01,Pot of Gold,Convenience Store,51.2,29,0.85,0.912,1262.62,1156.6,106.02,0,0,1036.99
M0075,L022,Horizon Game Center,2026-05-01,Fire Link,Bar,28.1,21,0.8,0.892,1200.0,1077.28,122.72,0,0,-728.04
M0028,L042,Market Square Gaming,2025-07-01,Life of Luxury,Gaming Hall,60.4,21,3.31,0.883,4495.09,4035.66,459.43,3,0,-259.69
M0074,L019,Lakeview Game Center,2025-10-01,Pot of Gold,Gaming Hall,54.5,30,2.46,0.921,6969.54,6362.18,607.36,0,0,882.03
M0152,L044,Town Center Game Hall,2026-06-01,A-Liner,Bar,49.4,31,2.39,0.874,2012.21,1742.55,269.66,0,0,788.04
M0040,L004,Katy Oaks Gaming,2025-05-01,Life of Luxury,Bar,94.5,21,1.28,0.93,1374.15,1290.43,83.72,1,0,-198.54
M0171,L034,Highland Park Gaming,2026-06-01,Life of Luxury,Restaurant,12.1,30,1.66,0.922,3889.16,3566.79,322.37,2,0,809.36
M0106,L027,Northgate Gaming Hall,2025-02-01,Pot of Gold,Gaming Hall,9.0,23,1.2,0.9,1200.0,1073.52,126.48,1,1,-163.83
M0109,L011,Sunset Bay Gaming,2025-05-01,Fire Link,Restaurant,17.8,31,0.93,0.908,2360.13,2178.52,181.61,0,0,985.92
M0058,L011,Sunset Bay Gaming,2025-07-01,Pot of Gold,Gaming Hall,54.7,31,1.33,0.88,5334.22,4606.35,727.87,0,0,843.02
M0166,L033,Spring Creek Gaming,2025-01-01,Fire Link,Convenience Store,67.6,27,2.38,0.929,2682.76,2558.48,124.28,0,0,678.54
M0007,L029,Meadowbrook Gaming,2026-03-01,Pot of Gold,Restaurant,2.0,22,2.11,0.915,1859.78,1688.03,171.75,1,0,-660.86
M0054,L028,Southpoint Game Center,2026-04-01,Video Poker,Bar,67.0,29,1.12,0.917,2350.13,2179.51,170.62,2,1,-205.85
M0076,L003,Lone Star Game Center,2025-07-01,Pot of Gold,Gaming Hall,37.6,21,1.48,0.923,1850.13,1705.25,144.88,0,0,-381.22
M0086,L027,Northgate Gaming Hall,2026-04-01,Fire Link,Convenience Store,130.3,24,2.06,0.894,1200.0,1076.71,123.29,1,1,-484.48
M0086,L045,Summit Point Gaming,2026-02-01,Life of Luxury,Truck Stop,63.7,27,1.34,0.872,1826.64,1587.07,239.57,1,0,6.62
M0027,L001,Bayou Star Gaming,2026-03-01,Pot of Gold,Truck Stop,120.7,20,1.69,0.934,2305.45,2176.99,128.46,2,1,-900.0
M0041,L022,Horizon Game Center,2026-03-01,Life of Luxury,Gaming Hall,106.3,24,1.87,0.927,3761.68,3471.4,290.28,3,0,340.08
M0018,L023,Willow Creek Gaming,2025-11-01,Pot of Gold,Restaurant,37.6,29,1.87,0.897,1724.24,1534.79,189.45,0,0,-25.39
M0104,L041,Palms Gaming Center,2025-02-01,Pot of Gold,Bar,86.5,21,1.79,0.92,1761.4,1658.82,102.58,1,0,-534.6
M0064,L013,Heritage Oaks Gaming,2026-05-01,Fire Link,Gaming Hall,37.5,24,1.29,0.941,3259.9,3068.72,191.18,0,0,-386.53
M0102,L022,Horizon Game Center,2025-11-01,A-Liner,Convenience Store,140.8,20,1.35,0.938,1200.0,1115.87,84.13,1,1,-819.1
M0107,L033,Spring Creek Gaming,2026-05-01,Pot of Gold,Bar,40.3,27,1.03,0.896,1200.0,1053.74,146.26,0,0,-14.58
M0127,L003,Lone Star Game Center,2026-06-01,Fire Link,Convenience Store,69.9,20,0.79,0.873,1235.72,1106.45,129.27,0,0,-442.0
M0099,L037,Fairway Gaming Hall,2025-04-01,A-Liner,Restaurant,157.9,23,1.59,0.877,1323.39,1151.85,171.54,4,1,-900.0
M0117,L037,Fairway Gaming Hall,2025-08-01,Life of Luxury,Bar,72.0,26,2.1,0.902,4342.95,4024.79,318.16,1,0,713.54
M0106,L033,Spring Creek Gaming,2025-04-01,Fire Link,Convenience Store,34.6,22,0.89,0.947,1200.0,1142.14,57.86,0,0,-248.64
M0118,L030,Crossroads Game Center,2025-01-01,Pot of Gold,Bar,15.9,22,1.8,0.892,1978.2,1767.95,210.25,2,0,-290.82
M0111,L034,Highland Park Gaming,2026-06-01,Life of Luxury,Gaming Hall,12.2,30,2.08,0.895,4736.92,4249.2,487.72,1,0,1228.38
M0057,L036,Greenfield Game Center,2026-05-01,Fire Link,Bar,66.8,29,0.64,0.895,1200.0,1105.91,94.09,2,0,-377.38
M0045,L041,Palms Gaming Center,2026-05-01,Video Poker,Truck Stop,45.8,20,1.5,0.897,1200.0,1044.83,155.17,2,0,-900.0
M0142,L020,Brazos Bend Gaming,2026-04-01,Video Poker,Bar,18.1,30,2.56,0.91,1276.98,1165.34,111.64,2,1,43.0
M0062,L021,Cedar Grove Gaming,2025-12-01,Video Poker,Gaming Hall,80.3,25,1.95,0.878,5337.01,4668.91,668.1,1,0,-313.89
M0099,L029,Meadowbrook Gaming,2025-10-01,Fire Link,Convenience Store,79.6,21,0.62,0.937,1200.0,1121.33,78.67,0,0,-900.0
M0036,L009,Pine Ridge Game Center,2026-06-01,Pot of Gold,Truck Stop,45.2,30,2.01,0.906,5548.9,5037.25,511.65,1,0,431.86
M0078,L039,Crescent Bay Game Center,2025-10-01,Life of Luxury,Truck Stop,124.1,24,1.24,0.97,2337.18,2259.6,77.58,2,0,-900.0
M0096,L035,Woodland Star Gaming,2025-12-01,Life of Luxury,Convenience Store,10.0,23,2.03,0.881,2443.27,2158.04,285.23,1,0,-238.24
M0113,L029,Meadowbrook Gaming,2025-04-01,Pot of Gold,Bar,35.6,21,1.27,0.95,1222.32,1160.86,61.46,2,0,-402.56
M0095,L014,Clearwater Gaming Hall,2026-02-01,Pot of Gold,Convenience Store,71.7,30,1.62,0.945,2568.9,2387.12,181.78,0,0,829.59
M0065,L016,Red Oak Game Center,2026-03-01,Fire Link,Restaurant,20.1,23,1.35,0.9,2863.42,2590.18,273.24,0,0,847.11
M0174,L020,Brazos Bend Gaming,2026-01-01,Life of Luxury,Truck Stop,85.7,27,1.65,0.9,2432.11,2209.8,222.31,0,0,273.78
M0093,L030,Crossroads Game Center,2025-09-01,Life of Luxury,Restaurant,102.9,22,1.34,0.887,2931.68,2581.33,350.35,0,0,-30.39
M0146,L036,Greenfield Game Center,2025-04-01,Classic Reels,Bar,3.0,30,1.53,0.887,1200.0,1091.3,108.7,0,0,536.95
M0133,L031,Oak Ridge Gaming,2025-01-01,Fire Link,Gaming Hall,126.9,29,1.0,0.91,1200.0,1111.23,88.77,2,0,202.29
M0101,L042,Market Square Gaming,2025-12-01,Classic Reels,Convenience Store,68.8,26,1.92,0.911,2615.36,2409.08,206.28,0,0,315.34
M0160,L044,Town Center Game Hall,2026-01-01,Life of Luxury,Gaming Hall,32.4,24,1.75,0.87,1800.83,1584.7,216.13,0,0,489.36
M0024,L032,Bay Area Game Center,2026-02-01,Fire Link,Gaming Hall,13.3,27,0.76,0.967,3417.69,3306.14,111.55,0,0,729.51
M0166,L017,Grand Parkway Gaming,2026-06-01,Life of Luxury,Bar,93.5,25,2.2,0.904,4863.15,4462.9,400.25,0,0,435.44
M0154,L027,Northgate Gaming Hall,2025-09-01,Fire Link,Convenience Store,17.2,31,1.55,0.912,4368.22,4066.15,302.07,1,0,1358.75
M0091,L020,Brazos Bend Gaming,2026-03-01,Pot of Gold,Truck Stop,68.7,28,1.74,0.894,3970.69,3588.3,382.39,1,0,473.37
M0133,L029,Meadowbrook Gaming,2026-01-01,Pot of Gold,Restaurant,17.9,20,2.07,0.903,1293.33,1159.03,134.3,3,1,-900.0
M0094,L037,Fairway Gaming Hall,2025-05-01,A-Liner,Truck Stop,48.6,29,1.83,0.901,1237.94,1114.79,123.15,1,0,92.84
M0049,L017,Grand Parkway Gaming,2026-04-01,Life of Luxury,Restaurant,90.7,22,2.29,0.91,4206.8,3857.15,349.65,1,0,-266.03
M0144,L023,Willow Creek Gaming,2025-01-01,Pot of Gold,Restaurant,32.7,23,1.49,0.91,1200.0,1104.06,95.94,1,0,-727.51
M0045,L003,Lone Star Game Center,2025-11-01,Video Poker,Gaming Hall,126.3,25,2.22,0.93,6239.13,5796.59,442.54,2,0,-270.79
M0057,L034,Highland Park Gaming,2026-05-01,Pot of Gold,Convenience Store,72.9,22,1.72,0.916,2160.96,1964.74,196.22,1,0,-827.29
M0094,L023,Willow Creek Gaming,2025-12-01,A-Liner,Gaming Hall,20.1,31,1.93,0.928,3190.76,3021.68,169.08,0,0,884.86
M0151,L021,Cedar Grove Gaming,2026-05-01,Fire Link,Gaming Hall,14.3,31,1.87,0.91,4849.79,4350.9,498.89,0,0,1330.15
M0070,L024,Metro Star Gaming,2025-02-01,Life of Luxury,Gaming Hall,25.3,21,2.33,0.916,3644.07,3296.8,347.27,0,0,-807.24
M0089,L010,Bluebonnet Gaming,2025-10-01,Fire Link,Restaurant,46.9,23,2.05,0.904,2152.7,1911.76,240.94,0,0,-298.93
M0008,L027,Northgate Gaming Hall,2026-03-01,Pot of Gold,Restaurant,134.2,24,1.41,0.935,2900.58,2679.2,221.38,1,0,530.54
M0021,L034,Highland Park Gaming,2025-12-01,Classic Reels,Truck Stop,150.8,28,1.3,0.918,2951.37,2753.53,197.84,1,0,363.01
M0011,L016,Red Oak Game Center,2026-04-01,Life of Luxury,Truck Stop,31.7,27,1.62,0.906,2463.67,2269.95,193.72,1,0,399.66
M0013,L006,Westfield Game Center,2025-09-01,Life of Luxury,Truck Stop,30.9,28,1.23,0.905,1401.68,1267.27,134.41,0,0,110.55
M0157,L018,Copper Creek Gaming,2026-01-01,Life of Luxury,Gaming Hall,81.4,20,1.07,0.907,2287.79,2088.65,199.14,3,1,-900.0
M0152,L009,Pine Ridge Game Center,2025-08-01,Video Poker,Truck Stop,80.9,26,0.48,0.911,1200.0,1093.05,106.95,3,1,-645.55
M0148,L017,Grand Parkway Gaming,2026-04-01,Classic Reels,Restaurant,113.3,22,0.8,0.909,1200.0,1073.64,126.36,0,0,-720.86
M0011,L029,Meadowbrook Gaming,2025-03-01,Video Poker,Truck Stop,115.3,22,2.74,0.896,4070.6,3755.61,314.99,0,0,-344.47
M0014,L006,Westfield Game Center,2025-05-01,A-Liner,Gaming Hall,23.8,29,1.29,0.929,1443.81,1365.12,78.69,1,0,109.09
M0051,L034,Highland Park Gaming,2025-02-01,A-Liner,Gaming Hall,11.6,21,2.7,0.931,4749.51,4441.99,307.52,0,0,-701.88
M0102,L011,Sunset Bay Gaming,2026-01-01,Fire Link,Truck Stop,73.6,20,1.87,0.955,2210.18,2088.02,122.16,3,0,-900.0
M0061,L041,Palms Gaming Center,2025-05-01,Video Poker,Gaming Hall,56.9,25,1.62,0.895,1821.4,1625.24,196.16,0,0,52.81
M0088,L033,Spring Creek Gaming,2025-06-01,Fire Link,Bar,6.2,28,0.82,0.927,1961.15,1801.69,159.46,1,0,-23.98
M0032,L013,Heritage Oaks Gaming,2026-04-01,Fire Link,Bar,11.3,26,1.65,0.862,1518.34,1310.59,207.75,0,0,206.72
M0132,L026,Stonebridge Gaming,2025-07-01,A-Liner,Gaming Hall,71.2,21,2.69,0.931,4523.82,4228.5,295.32,1,0,-900.0
M0057,L005,Gulf Coast Gaming,2025-03-01,Fire Link,Gaming Hall,43.8,29,2.51,0.874,2147.06,1867.74,279.32,1,0,851.25
M0012,L005,Gulf Coast Gaming,2025-01-01,Pot of Gold,Truck Stop,72.3,24,1.8,0.885,2721.65,2361.16,360.49,0,1,727.57
M0134,L044,Town Center Game Hall,2025-05-01,Fire Link,Truck Stop,18.9,28,1.02,0.918,1739.52,1641.38,98.14,0,0,843.72
M0163,L037,Fairway Gaming Hall,2026-05-01,Life of Luxury,Truck Stop,76.0,22,1.12,0.894,1200.0,1076.22,123.78,0,0,195.45
M0003,L007,Magnolia Gaming Hall,2025-10-01,Classic Reels,Gaming Hall,62.0,30,1.18,0.891,2159.41,1935.87,223.54,0,0,860.85
M0079,L013,Heritage Oaks Gaming,2026-06-01,Fire Link,Gaming Hall,79.9,23,2.35,0.898,3613.31,3226.44,386.87,2,1,-333.62
M0149,L009,Pine Ridge Game Center,2025-04-01,Classic Reels,Bar,33.6,31,2.55,0.928,5237.48,4762.21,475.27,0,0,965.87
M0128,L018,Copper Creek Gaming,2025-07-01,Fire Link,Bar,28.0,24,1.76,0.887,3033.82,2687.97,345.85,3,0,-543.81
M0155,L014,Clearwater Gaming Hall,2025-03-01,Classic Reels,Gaming Hall,13.2,28,1.48,0.909,2597.34,2350.91,246.43,0,0,806.6
M0075,L015,Prairie View Gaming,2025-08-01,Pot of Gold,Restaurant,38.2,26,2.5,0.901,3421.6,3111.99,309.61,0,0,605.55
M0068,L024,Metro Star Gaming,2025-11-01,Video Poker,Truck Stop,100.0,20,1.11,0.93,1200.0,1129.05,70.95,2,1,-900.0
M0128,L009,Pine Ridge Game Center,2026-03-01,Fire Link,Convenience Store,118.7,21,1.68,0.931,1423.33,1338.19,85.14,0,0,-258.98
M0028,L040,Eagle Ridge Gaming,2025-07-01,Life of Luxury,Bar,17.4,24,1.9,0.864,2524.23,2210.87,313.36,1,0,-264.99
M0044,L033,Spring Creek Gaming,2026-02-01,Life of Luxury,Bar,46.8,22,1.18,0.936,1200.0,1149.17,50.83,1,0,-698.36
M0109,L035,Woodland Star Gaming,2025-12-01,Life of Luxury,Gaming Hall,135.5,27,1.3,0.895,3451.34,3105.1,346.24,1,0,504.3
M0121,L008,Silver Creek Gaming,2025-06-01,Fire Link,Gaming Hall,147.5,21,1.26,0.916,1905.51,1770.58,134.93,2,0,-501.69
M0022,L032,Bay Area Game Center,2026-05-01,Classic Reels,Bar,37.0,27,2.43,0.887,3246.69,2899.05,347.64,0,0,357.22
M0092,L038,Liberty Point Gaming,2025-08-01,Video Poker,Bar,105.9,22,2.7,0.919,1507.96,1351.43,156.53,0,0,-440.06
M0066,L008,Silver Creek Gaming,2025-03-01,A-Liner,Convenience Store,94.2,22,1.71,0.97,2065.13,1999.35,65.78,0,0,-329.85
M0091,L034,Highland Park Gaming,2026-06-01,Fire Link,Restaurant,89.0,24,1.5,0.913,1396.6,1260.55,136.05,1,0,-900.0
M0173,L017,Grand Parkway Gaming,2026-05-01,Fire Link,Gaming Hall,9.7,26,1.32,0.899,1516.37,1367.43,148.94,0,0,-24.52
M0014,L036,Greenfield Game Center,2025-01-01,Classic Reels,Gaming Hall,30.2,24,1.65,0.904,4146.53,3709.1,437.43,0,0,-221.44
M0180,L022,Horizon Game Center,2026-05-01,Classic Reels,Gaming Hall,43.1,24,1.35,0.873,2256.28,1986.13,270.15,0,0,153.02
M0081,L037,Fairway Gaming Hall,2026-06-01,Life of Luxury,Gaming Hall,42.1,24,1.6,0.946,3563.86,3413.37,150.49,0,0,506.38
M0139,L007,Magnolia Gaming Hall,2026-03-01,Video Poker,Convenience Store,46.4,24,1.88,0.918,2071.44,1931.5,139.94,1,1,-324.83
M0077,L018,Copper Creek Gaming,2025-05-01,Fire Link,Restaurant,158.1,24,1.43,0.884,1642.3,1483.7,158.6,2,0,-661.29
M0056,L013,Heritage Oaks Gaming,2025-12-01,Classic Reels,Truck Stop,38.0,30,1.55,0.885,1837.9,1589.58,248.32,1,0,224.0
M0139,L012,Riverstone Game Center,2025-10-01,Video Poker,Convenience Store,64.1,26,1.55,0.91,2127.3,1905.24,222.06,1,0,-266.91
M0124,L014,Clearwater Gaming Hall,2025-12-01,Classic Reels,Bar,62.5,25,1.48,0.933,2534.87,2454.09,80.78,1,0,663.93
M0026,L018,Copper Creek Gaming,2025-12-01,Pot of Gold,Gaming Hall,46.9,28,1.41,0.881,2472.43,2208.16,264.27,0,0,547.44
M0127,L006,Westfield Game Center,2025-12-01,A-Liner,Bar,18.4,26,2.07,0.938,5900.5,5550.56,349.94,0,0,490.48
M0136,L032,Bay Area Game Center,2025-10-01,Pot of Gold,Bar,51.7,31,0.68,0.908,1200.0,1090.06,109.94,0,0,-262.3
M0070,L025,Parkside Game Center,2026-01-01,Classic Reels,Truck Stop,6.0,26,2.52,0.887,1603.73,1421.41,182.32,1,0,-394.06
M0167,L038,Liberty Point Gaming,2025-10-01,Life of Luxury,Bar,68.7,22,1.72,0.898,1200.0,1049.75,150.25,0,0,-243.44
M0116,L032,Bay Area Game Center,2025-01-01,A-Liner,Gaming Hall,4.8,26,1.99,0.954,1379.92,1303.65,76.27,1,0,-148.49
M0061,L007,Magnolia Gaming Hall,2025-01-01,Video Poker,Gaming Hall,64.4,29,2.05,0.875,2829.65,2472.15,357.5,0,0,693.68
M0002,L004,Katy Oaks Gaming,2026-06-01,Life of Luxury,Gaming Hall,28.9,22,1.26,0.892,1529.63,1351.29,178.34,0,0,-47.24
M0122,L020,Brazos Bend Gaming,2026-05-01,Fire Link,Truck Stop,20.9,22,1.15,0.934,2028.04,1879.95,148.09,2,0,-134.25
M0038,L022,Horizon Game Center,2025-11-01,A-Liner,Gaming Hall,82.3,27,1.08,0.915,1587.3,1501.12,86.18,2,0,-878.96
M0137,L011,Sunset Bay Gaming,2025-04-01,Fire Link,Gaming Hall,34.6,30,1.51,0.89,4503.64,3994.64,509.0,1,0,445.54
M0095,L036,Greenfield Game Center,2026-03-01,Pot of Gold,Gaming Hall,49.7,24,2.03,0.934,3203.1,3002.39,200.71,1,0,-95.32
M0085,L027,Northgate Gaming Hall,2025-03-01,Pot of Gold,Restaurant,10.1,26,1.33,0.935,1614.96,1514.69,100.27,0,0,-90.48
M0030,L034,Highland Park Gaming,2025-07-01,Fire Link,Convenience Store,124.6,27,1.98,0.918,1915.65,1772.12,143.53,0,0,-19.5
M0129,L005,Gulf Coast Gaming,2025-06-01,A-Liner,Convenience Store,53.4,27,0.35,0.895,1200.0,1067.13,132.87,0,0,246.78
M0030,L037,Fairway Gaming Hall,2025-01-01,A-Liner,Bar,53.3,21,1.44,0.899,1200.0,1096.76,103.24,4,0,-900.0
M0076,L010,Bluebonnet Gaming,2026-03-01,Pot of Gold,Gaming Hall,69.8,24,2.29,0.917,4034.55,3721.16,313.39,1,0,133.18
M0151,L021,Cedar Grove Gaming,2025-10-01,Fire Link,Truck Stop,2.4,31,1.56,0.877,2673.29,2303.18,370.11,0,0,1177.07
M0166,L020,Brazos Bend Gaming,2025-06-01,Fire Link,Gaming Hall,132.8,30,1.19,0.943,3456.43,3254.95,201.48,0,0,577.14
M0179,L037,Fairway Gaming Hall,2025-10-01,Life of Luxury,Gaming Hall,36.9,29,1.29,0.953,2260.57,2149.65,110.92,0,0,788.96
M0173,L013,Heritage Oaks Gaming,2025-01-01,Classic Reels,Convenience Store,127.7,20,0.25,0.904,1200.0,1081.66,118.34,0,0,-900.0
M0101,L011,Sunset Bay Gaming,2025-08-01,Life of Luxury,Gaming Hall,35.9,25,1.09,0.919,1481.47,1370.53,110.94,0,0,-137.97
M0037,L016,Red Oak Game Center,2025-10-01,Fire Link,Gaming Hall,29.6,20,2.23,0.94,5616.81,5322.58,294.23,0,0,224.72
M0152,L017,Grand Parkway Gaming,2025-07-01,Video Poker,Restaurant,66.4,23,1.33,0.959,1253.78,1210.15,43.63,0,0,-645.87
M0145,L009,Pine Ridge Game Center,2026-03-01,Fire Link,Bar,178.8,30,1.39,0.949,5490.61,5232.92,257.69,1,0,-66.98
M0179,L008,Silver Creek Gaming,2025-05-01,A-Liner,Gaming Hall,105.9,24,0.37,0.867,1200.0,1041.63,158.37,1,0,-279.04
M0118,L011,Sunset Bay Gaming,2025-03-01,Pot of Gold,Bar,71.7,22,0.75,0.902,1200.0,1051.42,148.58,3,0,-662.39
M0026,L022,Horizon Game Center,2025-10-01,Pot of Gold,Restaurant,65.7,28,2.3,0.923,2809.05,2618.97,190.08,1,0,11.66
M0091,L016,Red Oak Game Center,2026-04-01,Pot of Gold,Gaming Hall,51.3,29,1.99,0.898,4743.53,4287.49,456.04,0,1,1261.43
M0081,L018,Copper Creek Gaming,2025-07-01,Classic Reels,Gaming Hall,123.9,27,0.94,0.955,1200.0,1131.82,68.18,1,0,66.54
M0152,L033,Spring Creek Gaming,2025-01-01,Classic Reels,Convenience Store,83.7,29,1.3,0.951,1374.98,1312.24,62.74,0,0,-126.2
M0071,L011,Sunset Bay Gaming,2026-06-01,Life of Luxury,Convenience Store,12.9,28,1.63,0.89,1854.19,1664.65,189.54,1,1,-613.45
M0060,L041,Palms Gaming Center,2025-08-01,Life of Luxury,Truck Stop,21.0,27,0.99,0.906,1619.47,1490.0,129.47,1,1,32.64
M0015,L034,Highland Park Gaming,2025-04-01,Life of Luxury,Bar,73.4,30,0.55,0.891,1200.0,1076.55,123.45,0,0,107.53
M0151,L008,Silver Creek Gaming,2025-12-01,A-Liner,Gaming Hall,17.8,23,1.56,0.905,2350.38,2136.16,214.22,0,0,907.88
M0136,L015,Prairie View Gaming,2025-06-01,A-Liner,Convenience Store,53.2,25,1.96,0.91,1867.68,1709.6,158.08,1,0,72.07
M0008,L009,Pine Ridge Game Center,2026-05-01,A-Liner,Convenience Store,88.5,26,1.98,0.934,3698.42,3440.72,257.7,1,0,256.94
M0079,L013,Heritage Oaks Gaming,2025-06-01,Video Poker,Gaming Hall,66.8,28,2.13,0.888,4067.33,3631.9,435.43,0,0,756.71
M0087,L017,Grand Parkway Gaming,2025-10-01,Life of Luxury,Convenience Store,15.2,25,1.64,0.845,2483.01,2079.64,403.37,1,0,685.7
M0085,L006,Westfield Game Center,2025-10-01,A-Liner,Gaming Hall,22.1,25,1.68,0.87,2364.69,2088.79,275.9,0,0,-758.5
M0166,L001,Bayou Star Gaming,2025-05-01,A-Liner,Restaurant,68.3,21,1.5,0.884,1887.69,1632.25,255.44,2,0,-900.0
M0028,L020,Brazos Bend Gaming,2025-09-01,Life of Luxury,Restaurant,166.2,27,1.6,0.894,1387.87,1254.36,133.51,0,0,493.39
M0056,L032,Bay Area Game Center,2025-02-01,Video Poker,Bar,45.2,21,1.64,0.915,2723.03,2492.15,230.88,5,0,-305.72
M0033,L014,Clearwater Gaming Hall,2025-12-01,Pot of Gold,Truck Stop,90.6,25,1.29,0.883,1327.4,1187.47,139.93,1,0,-622.9
M0044,L039,Crescent Bay Game Center,2026-02-01,Classic Reels,Truck Stop,67.2,24,0.25,0.88,1200.0,1044.76,155.24,0,0,-815.42
M0164,L017,Grand Parkway Gaming,2026-06-01,Classic Reels,Gaming Hall,28.6,29,2.29,0.887,3057.89,2715.65,342.24,1,0,629.32
M0170,L041,Palms Gaming Center,2025-06-01,Video Poker,Bar,91.4,25,1.83,0.882,2578.4,2276.02,302.38,0,0,386.74
M0009,L011,Sunset Bay Gaming,2025-06-01,Fire Link,Convenience Store,9.7,20,0.83,0.896,1200.0,1081.45,118.55,2,0,-568.12
M0114,L025,Parkside Game Center,2025-10-01,Life of Luxury,Gaming Hall,86.9,26,1.91,0.895,2156.44,1902.91,253.53,1,0,97.02
M0042,L035,Woodland Star Gaming,2026-01-01,Classic Reels,Bar,70.1,22,1.4,0.927,1200.0,1121.56,78.44,4,1,-900.0
M0035,L003,Lone Star Game Center,2026-06-01,Classic Reels,Gaming Hall,31.0,24,1.42,0.885,3411.57,2943.67,467.9,0,0,177.57
M0053,L042,Market Square Gaming,2025-01-01,Fire Link,Truck Stop,19.3,23,1.23,0.901,2067.18,1845.96,221.22,1,0,-176.43
M0035,L017,Grand Parkway Gaming,2025-05-01,Classic Reels,Bar,33.3,21,1.95,0.896,1200.0,1052.7,147.3,1,0,-678.9
M0089,L023,Willow Creek Gaming,2025-05-01,Life of Luxury,Restaurant,26.8,31,1.21,0.93,2637.3,2478.9,158.4,0,0,-143.52
M0180,L029,Meadowbrook Gaming,2025-05-01,A-Liner,Bar,39.7,23,1.05,0.906,1200.0,1092.96,107.04,0,0,76.6
M0106,L029,Meadowbrook Gaming,2025-09-01,Video Poker,Gaming Hall,36.2,26,2.27,0.936,4620.38,4349.96,270.42,0,0,700.01
M0131,L002,Cypress Point Gaming,2026-04-01,Life of Luxury,Truck Stop,31.0,29,1.55,0.881,3003.76,2699.41,304.35,0,0,279.29
M0089,L040,Eagle Ridge Gaming,2025-01-01,Fire Link,Gaming Hall,9.3,24,1.57,0.909,3397.61,3075.55,322.06,0,0,190.86
M0003,L029,Meadowbrook Gaming,2026-03-01,Video Poker,Gaming Hall,16.8,31,2.03,0.896,7939.5,7171.87,767.63,0,0,976.87
M0016,L045,Summit Point Gaming,2025-12-01,Classic Reels,Bar,101.3,24,1.28,0.879,1200.0,1055.75,144.25,0,0,-336.61
M0049,L022,Horizon Game Center,2025-12-01,Video Poker,Convenience Store,31.7,31,1.39,0.908,2115.76,1918.92,196.84,1,0,761.08
M0044,L028,Southpoint Game Center,2026-01-01,Fire Link,Bar,40.3,25,1.82,0.953,4414.63,4276.36,138.27,1,0,192.5
M0152,L020,Brazos Bend Gaming,2025-03-01,Video Poker,Gaming Hall,34.6,20,0.8,0.889,1200.0,1096.78,103.22,5,1,-900.0
M0152,L041,Palms Gaming Center,2026-02-01,Pot of Gold,Bar,125.8,30,1.77,0.907,2027.67,1828.6,199.07,1,0,815.65
M0154,L038,Liberty Point Gaming,2025-05-01,Fire Link,Gaming Hall,26.2,30,1.23,0.877,2256.13,2001.2,254.93,2,0,424.52
M0115,L041,Palms Gaming Center,2025-10-01,Fire Link,Gaming Hall,24.6,31,2.12,0.874,5227.68,4589.01,638.67,1,1,1967.69
M0101,L023,Willow Creek Gaming,2026-01-01,Classic Reels,Convenience Store,71.2,21,1.95,0.89,1200.0,1072.77,127.23,2,1,-358.01
M0117,L036,Greenfield Game Center,2025-11-01,Video Poker,Gaming Hall,56.3,30,1.88,0.899,4065.47,3666.92,398.55,1,0,408.0
M0074,L017,Grand Parkway Gaming,2025-06-01,Classic Reels,Gaming Hall,72.6,24,0.77,0.9,1200.0,1075.2,124.8,2,0,-292.11
M0121,L021,Cedar Grove Gaming,2025-08-01,A-Liner,Convenience Store,69.4,30,1.59,0.904,3043.87,2620.71,423.16,0,0,-89.11
M0143,L035,Woodland Star Gaming,2025-09-01,Fire Link,Restaurant,93.0,31,1.0,0.869,1925.78,1708.97,216.81,0,0,671.03
M0138,L004,Katy Oaks Gaming,2025-01-01,Fire Link,Gaming Hall,14.8,22,1.63,0.894,5647.44,5001.73,645.71,2,0,814.08
M0111,L032,Bay Area Game Center,2026-02-01,Fire Link,Bar,66.5,24,0.38,0.923,1200.0,1104.12,95.88,0,0,1107.35
M0011,L001,Bayou Star Gaming,2025-02-01,Pot of Gold,Gaming Hall,24.8,23,0.8,0.876,1200.0,1048.03,151.97,1,1,-518.66
M0131,L027,Northgate Gaming Hall,2025-09-01,Fire Link,Truck Stop,6.4,23,2.3,0.901,2242.79,1999.66,243.13,0,0,225.58
M0066,L022,Horizon Game Center,2025-12-01,Classic Reels,Gaming Hall,69.1,27,1.85,0.917,2855.73,2626.94,228.79,1,0,419.95
M0134,L022,Horizon Game Center,2025-02-01,Classic Reels,Gaming Hall,66.3,24,1.46,0.89,1784.37,1587.14,197.23,1,0,698.3
M0098,L023,Willow Creek Gaming,2026-06-01,Classic Reels,Bar,48.3,27,1.15,0.919,2176.85,1981.81,195.04,1,0,-240.23
M0159,L023,Willow Creek Gaming,2025-07-01,Fire Link,Gaming Hall,94.1,28,1.05,0.872,1364.27,1192.09,172.18,0,0,1484.5
M0061,L019,Lakeview Game Center,2025-01-01,Fire Link,Gaming Hall,24.9,22,1.64,0.932,6387.06,5950.21,436.85,1,0,-79.95
M0168,L021,Cedar Grove Gaming,2025-12-01,Pot of Gold,Gaming Hall,77.2,20,1.46,0.919,3257.79,3030.18,227.61,1,0,-900.0
M0153,L026,Stonebridge Gaming,2025-11-01,Fire Link,Convenience Store,43.1,28,2.5,0.911,2945.97,2636.39,309.58,0,0,341.75
M0060,L035,Woodland Star Gaming,2025-12-01,Fire Link,Convenience Store,45.7,22,1.55,0.938,3393.35,3150.17,243.18,1,2,-900.0
M0087,L025,Parkside Game Center,2026-02-01,Life of Luxury,Convenience Store,7.6,22,1.68,0.902,1200.0,1092.84,107.16,1,0,-177.87
M0096,L029,Meadowbrook Gaming,2025-09-01,Pot of Gold,Restaurant,94.7,27,0.89,0.895,1218.88,1081.54,137.34,1,0,-651.61
M0139,L038,Liberty Point Gaming,2026-03-01,A-Liner,Bar,64.5,23,1.45,0.944,1200.0,1119.79,80.21,0,0,-160.35
M0125,L045,Summit Point Gaming,2025-07-01,Fire Link,Truck Stop,75.1,22,1.75,0.956,5090.78,4830.73,260.05,1,0,44.03
M0154,L005,Gulf Coast Gaming,2025-10-01,Fire Link,Restaurant,22.0,23,1.44,0.893,1200.0,1070.15,129.85,2,0,276.03
M0067,L033,Spring Creek Gaming,2025-03-01,Life of Luxury,Restaurant,59.3,26,1.38,0.91,1200.0,1087.0,113.0,0,1,68.99
M0091,L011,Sunset Bay Gaming,2025-12-01,Fire Link,Restaurant,43.1,30,1.83,0.936,2081.34,1942.89,138.45,0,0,1163.54
M0078,L009,Pine Ridge Game Center,2025-05-01,Fire Link,Bar,66.9,31,2.48,0.908,7663.23,6863.63,799.6,0,0,1006.78
M0164,L036,Greenfield Game Center,2026-01-01,Fire Link,Gaming Hall,57.3,28,1.73,0.925,5052.28,4720.23,332.05,1,0,576.5
M0055,L004,Katy Oaks Gaming,2026-03-01,A-Liner,Bar,142.0,30,2.28,0.93,3241.56,3066.24,175.32,0,0,-519.22
M0106,L039,Crescent Bay Game Center,2026-04-01,Pot of Gold,Gaming Hall,114.1,26,1.99,0.896,5171.15,4514.8,656.35,2,0,340.22
M0022,L035,Woodland Star Gaming,2026-05-01,Video Poker,Bar,39.3,24,2.25,0.92,2384.46,2149.25,235.21,0,0,251.84
M0154,L045,Summit Point Gaming,2025-03-01,Pot of Gold,Gaming Hall,69.1,29,1.31,0.91,2937.89,2708.84,229.05,0,0,788.07
M0070,L031,Oak Ridge Gaming,2025-03-01,Fire Link,Gaming Hall,36.8,23,1.54,0.88,4985.08,4480.78,504.3,1,0,-453.26
M0062,L040,Eagle Ridge Gaming,2026-05-01,Life of Luxury,Truck Stop,92.4,29,1.54,0.885,2115.91,1818.52,297.39,2,0,116.48
M0105,L006,Westfield Game Center,2025-07-01,Fire Link,Convenience Store,44.5,31,1.95,0.894,1997.17,1805.01,192.16,2,1,21.54
M0090,L041,Palms Gaming Center,2025-01-01,Life of Luxury,Convenience Store,32.9,24,2.09,0.933,2485.92,2368.22,117.7,0,1,-552.67
M0153,L008,Silver Creek Gaming,2025-06-01,Video Poker,Bar,58.7,27,1.72,0.934,2962.68,2736.48,226.2,0,0,588.36
M0096,L015,Prairie View Gaming,2026-04-01,Fire Link,Convenience Store,108.3,29,2.13,0.929,2975.37,2820.52,154.85,1,0,133.04
M0094,L006,Westfield Game Center,2025-07-01,A-Liner,Truck Stop,97.2,29,1.34,0.921,2848.46,2617.35,231.11,0,0,509.73
M0019,L019,Lakeview Game Center,2025-02-01,Life of Luxury,Convenience Store,34.4,22,2.14,0.92,1748.0,1614.76,133.24,2,0,-714.44
M0004,L034,Highland Park Gaming,2026-01-01,Pot of Gold,Convenience Store,133.9,31,2.21,0.917,3098.99,2815.03,283.96,2,0,806.94
M0072,L013,Heritage Oaks Gaming,2025-04-01,Fire Link,Bar,23.2,26,2.02,0.92,3482.85,3246.06,236.79,1,1,369.38
M0180,L037,Fairway Gaming Hall,2025-07-01,Fire Link,Bar,29.7,20,1.72,0.922,2197.26,2047.88,149.38,3,1,-900.0
M0166,L028,Southpoint Game Center,2025-01-01,Fire Link,Restaurant,89.8,21,2.04,0.875,4269.96,3824.59,445.37,0,0,1082.09
M0114,L029,Meadowbrook Gaming,2025-11-01,Video Poker,Truck Stop,6.5,28,1.16,0.89,1870.69,1697.25,173.44,0,0,130.64
M0114,L043,Victory Lane Gaming,2025-09-01,Classic Reels,Bar,49.8,25,1.76,0.884,1625.4,1436.68,188.72,0,0,497.15
M0071,L020,Brazos Bend Gaming,2026-04-01,Video Poker,Bar,39.2,21,1.82,0.938,2225.56,2170.59,54.97,0,0,-785.72
M0032,L016,Red Oak Game Center,2025-07-01,Life of Luxury,Bar,139.0,26,0.92,0.951,1836.42,1776.2,60.22,0,0,271.67
M0002,L045,Summit Point Gaming,2025-04-01,Classic Reels,Bar,19.6,27,1.91,0.856,3028.61,2612.13,416.48,0,0,817.3
M0061,L026,Stonebridge Gaming,2025-03-01,A-Liner,Truck Stop,21.6,20,0.96,0.949,1245.27,1166.86,78.41,3,0,-900.0
M0057,L028,Southpoint Game Center,2025-04-01,A-Liner,Restaurant,151.5,24,1.41,0.912,1200.0,1072.37,127.63,0,0,-296.26
M0035,L014,Clearwater Gaming Hall,2025-09-01,Video Poker,Bar,39.6,25,1.67,0.935,1200.0,1101.19,98.81,0,0,801.49
M0047,L010,Bluebonnet Gaming,2025-02-01,A-Liner,Bar,105.6,29,1.25,0.923,2820.75,2571.95,248.8,1,0,-37.68
M0005,L008,Silver Creek Gaming,2025-08-01,Video Poker,Bar,34.7,27,1.7,0.946,2572.27,2475.88,96.39,1,0,268.93
M0110,L011,Sunset Bay Gaming,2026-04-01,Classic Reels,Gaming Hall,28.7,21,1.69,0.915,1814.04,1670.45,143.59,0,0,-138.11
M0167,L009,Pine Ridge Game Center,2026-02-01,Pot of Gold,Convenience Store,109.0,27,1.2,0.876,1870.05,1624.4,245.65,0,0,224.59
M0125,L034,Highland Park Gaming,2025-12-01,A-Liner,Restaurant,175.4,30,1.96,0.907,5343.72,4838.04,505.68,1,0,-260.0
M0081,L003,Lone Star Game Center,2026-05-01,Fire Link,Convenience Store,114.6,20,1.23,0.923,2075.13,1908.93,166.2,1,0,-290.86
M0076,L029,Meadowbrook Gaming,2026-03-01,Video Poker,Gaming Hall,33.0,31,2.91,0.905,7758.99,7096.38,662.61,0,0,1155.69
M0056,L043,Victory Lane Gaming,2025-12-01,Classic Reels,Restaurant,48.2,21,1.59,0.926,1200.0,1098.55,101.45,0,0,52.97
M0026,L035,Woodland Star Gaming,2026-04-01,Pot of Gold,Restaurant,22.5,27,1.01,0.908,1200.0,1094.64,105.36,2,1,-228.08
M0108,L019,Lakeview Game Center,2025-03-01,Pot of Gold,Gaming Hall,26.0,24,1.11,0.895,1200.0,1078.32,121.68,1,0,-49.4
M0102,L003,Lone Star Game Center,2026-03-01,Pot of Gold,Convenience Store,24.9,28,2.28,0.883,3589.61,3133.06,456.55,0,0,830.86
M0002,L038,Liberty Point Gaming,2025-06-01,Fire Link,Convenience Store,35.4,30,1.42,0.9,3151.95,2896.82,255.13,2,0,1.45
M0075,L001,Bayou Star Gaming,2026-02-01,Pot of Gold,Restaurant,54.1,30,0.9,0.915,2091.4,1906.21,185.19,0,0,1238.78
M0051,L031,Oak Ridge Gaming,2026-05-01,Classic Reels,Gaming Hall,49.7,30,2.12,0.861,4386.93,3724.89,662.04,0,0,839.3
M0031,L031,Oak Ridge Gaming,2025-09-01,A-Liner,Gaming Hall,81.2,29,1.42,0.89,2123.88,1911.99,211.89,0,0,318.79
M0127,L009,Pine Ridge Game Center,2025-02-01,Classic Reels,Bar,56.2,23,2.01,0.86,1526.89,1314.12,212.77,0,0,456.71
M0095,L034,Highland Park Gaming,2025-07-01,Life of Luxury,Gaming Hall,76.0,25,2.16,0.895,2308.77,2077.66,231.11,0,0,244.79
M0115,L008,Silver Creek Gaming,2025-08-01,Fire Link,Bar,84.4,28,1.8,0.94,2651.98,2455.16,196.82,0,0,290.44
M0129,L011,Sunset Bay Gaming,2026-05-01,Pot of Gold,Restaurant,33.5,22,2.97,0.88,1992.44,1772.77,219.67,1,0,-59.12
M0177,L037,Fairway Gaming Hall,2026-05-01,Video Poker,Gaming Hall,43.8,26,0.7,0.928,2202.16,2101.01,101.15,1,1,-34.17
M0145,L045,Summit Point Gaming,2025-11-01,Pot of Gold,Bar,180.0,26,1.2,0.97,1200.0,1145.82,54.18,0,0,-167.64
M0112,L012,Riverstone Game Center,2026-06-01,Pot of Gold,Truck Stop,31.3,31,1.51,0.946,2396.26,2277.05,119.21,0,0,1054.69
M0159,L042,Market Square Gaming,2025-08-01,Life of Luxury,Bar,79.0,20,2.89,0.913,1250.71,1130.11,120.6,2,0,-900.0
M0086,L042,Market Square Gaming,2025-08-01,Classic Reels,Bar,15.8,21,2.64,0.931,2651.33,2553.96,97.37,2,0,-497.79
M0178,L035,Woodland Star Gaming,2026-04-01,Pot of Gold,Convenience Store,86.0,20,2.36,0.876,2019.04,1798.71,220.33,0,0,-80.46
M0138,L007,Magnolia Gaming Hall,2026-01-01,A-Liner,Gaming Hall,27.2,26,1.21,0.871,1487.11,1300.31,186.8,1,0,386.66
M0118,L014,Clearwater Gaming Hall,2025-10-01,Classic Reels,Gaming Hall,51.0,26,1.28,0.911,1200.0,1075.52,124.48,2,0,-900.0
M0163,L031,Oak Ridge Gaming,2025-09-01,Classic Reels,Convenience Store,13.3,27,1.19,0.92,1200.0,1089.8,110.2,1,1,-270.4
M0093,L045,Summit Point Gaming,2026-01-01,Life of Luxury,Bar,47.3,22,1.22,0.937,1200.0,1135.15,64.85,2,0,-900.0
M0130,L037,Fairway Gaming Hall,2026-02-01,Pot of Gold,Gaming Hall,48.0,23,2.47,0.896,3454.18,3038.47,415.71,1,0,633.34
M0052,L019,Lakeview Game Center,2025-09-01,Fire Link,Gaming Hall,42.5,25,1.52,0.915,6099.53,5483.64,615.89,0,0,413.96
M0174,L011,Sunset Bay Gaming,2025-01-01,Life of Luxury,Restaurant,67.4,20,1.59,0.914,1503.26,1374.14,129.12,1,0,-119.97
M0113,L044,Town Center Game Hall,2025-02-01,A-Liner,Gaming Hall,103.0,29,2.08,0.907,4180.11,3798.05,382.06,0,0,92.57
M0141,L013,Heritage Oaks Gaming,2025-03-01,Fire Link,Restaurant,21.6,20,0.74,0.908,1200.0,1095.07,104.93,1,1,-665.56
M0083,L016,Red Oak Game Center,2025-09-01,Fire Link,Bar,43.3,28,1.68,0.889,1895.12,1674.77,220.35,1,0,350.06
M0157,L044,Town Center Game Hall,2025-12-01,Pot of Gold,Convenience Store,8.4,25,1.05,0.917,1200.0,1113.65,86.35,2,0,961.29
M0014,L026,Stonebridge Gaming,2026-03-01,A-Liner,Gaming Hall,55.7,31,1.49,0.915,7470.72,6758.45,712.27,0,0,1703.76
M0021,L012,Riverstone Game Center,2025-05-01,Life of Luxury,Gaming Hall,20.1,28,1.33,0.899,2006.57,1819.0,187.57,1,1,516.53
M0092,L001,Bayou Star Gaming,2026-03-01,A-Liner,Convenience Store,49.4,25,1.3,0.927,1389.2,1291.36,97.84,1,0,699.44
M0132,L020,Brazos Bend Gaming,2025-12-01,Pot of Gold,Restaurant,57.3,28,1.77,0.936,1611.55,1520.03,91.52,0,0,399.37
M0146,L045,Summit Point Gaming,2025-01-01,Video Poker,Gaming Hall,10.2,21,1.77,0.927,1200.0,1129.42,70.58,1,0,-470.19
M0080,L020,Brazos Bend Gaming,2025-07-01,A-Liner,Bar,63.6,22,1.53,0.884,1200.0,1054.24,145.76,0,0,-317.44
M0117,L032,Bay Area Game Center,2025-06-01,Life of Luxury,Bar,99.7,25,1.85,0.912,6404.89,5790.45,614.44,0,0,616.66
M0100,L012,Riverstone Game Center,2026-04-01,Pot of Gold,Gaming Hall,74.1,30,1.17,0.887,2923.98,2534.33,389.65,0,1,-665.52
M0174,L035,Woodland Star Gaming,2026-05-01,Life of Luxury,Convenience Store,22.0,29,2.02,0.912,4802.58,4263.6,538.98,2,0,606.42
M0118,L035,Woodland Star Gaming,2026-03-01,Pot of Gold,Gaming Hall,47.1,24,1.54,0.887,2052.46,1816.2,236.26,2,0,-76.89
M0076,L028,Southpoint Game Center,2025-10-01,Life of Luxury,Bar,51.0,23,1.38,0.942,1200.0,1128.85,71.15,1,0,-395.17
M0175,L035,Woodland Star Gaming,2025-09-01,Video Poker,Gaming Hall,44.0,31,1.21,0.93,1324.21,1214.26,109.95,0,0,-9.42
M0020,L027,Northgate Gaming Hall,2025-06-01,A-Liner,Bar,15.1,26,1.52,0.939,2107.97,1957.35,150.62,2,0,-122.28
M0178,L018,Copper Creek Gaming,2026-02-01,Pot of Gold,Bar,25.2,21,2.68,0.936,3280.18,3130.21,149.97,0,0,-899.98
M0028,L034,Highland Park Gaming,2025-02-01,A-Liner,Bar,41.0,22,1.62,0.903,1595.5,1457.51,137.99,1,1,73.57
M0052,L038,Liberty Point Gaming,2025-05-01,Life of Luxury,Bar,56.7,30,1.02,0.899,1212.02,1071.26,140.76,1,0,285.06
M0148,L038,Liberty Point Gaming,2025-03-01,Video Poker,Truck Stop,31.1,30,2.16,0.954,4769.1,4524.41,244.69,2,0,-496.75
M0133,L010,Bluebonnet Gaming,2025-09-01,Pot of Gold,Bar,7.4,30,1.39,0.906,1768.81,1611.16,157.65,1,0,426.94
M0175,L031,Oak Ridge Gaming,2025-06-01,Classic Reels,Restaurant,32.7,20,1.81,0.876,1534.95,1333.08,201.87,0,0,-24.56
M0135,L001,Bayou Star Gaming,2025-04-01,Classic Reels,Gaming Hall,141.8,29,1.32,0.935,2147.92,1987.46,160.46,0,0,390.24
M0115,L026,Stonebridge Gaming,2025-07-01,Pot of Gold,Bar,64.0,21,2.35,0.914,2216.36,2016.76,199.6,1,0,-803.58
M0063,L026,Stonebridge Gaming,2026-04-01,Pot of Gold,Gaming Hall,55.5,29,1.33,0.948,1702.75,1636.49,66.26,0,0,129.36
M0001,L017,Grand Parkway Gaming,2025-11-01,Fire Link,Bar,24.9,30,2.42,0.916,3410.31,3172.19,238.12,1,0,452.84
M0023,L045,Summit Point Gaming,2026-03-01,Video Poker,Convenience Store,33.9,24,1.07,0.909,2170.27,1953.62,216.65,1,0,-277.38
M0054,L040,Eagle Ridge Gaming,2026-05-01,Fire Link,Restaurant,6.7,22,1.49,0.948,2634.25,2511.83,122.42,1,1,-900.0
M0008,L002,Cypress Point Gaming,2026-05-01,A-Liner,Convenience Store,23.4,28,2.42,0.872,3845.13,3352.66,492.47,0,0,631.23
M0092,L010,Bluebonnet Gaming,2025-07-01,Classic Reels,Convenience Store,61.7,20,1.74,0.895,1200.0,1059.48,140.52,0,0,-900.0
M0140,L010,Bluebonnet Gaming,2026-04-01,Classic Reels,Gaming Hall,55.8,26,2.9,0.888,2096.32,1854.06,242.26,2,0,373.92
M0174,L041,Palms Gaming Center,2026-05-01,Fire Link,Gaming Hall,28.7,23,1.5,0.855,3824.32,3211.78,612.54,2,0,615.37
M0089,L024,Metro Star Gaming,2026-06-01,Fire Link,Restaurant,43.9,25,1.79,0.932,3288.95,3111.2,177.75,0,0,-290.59
M0158,L033,Spring Creek Gaming,2025-07-01,Classic Reels,Gaming Hall,49.7,29,2.7,0.896,4285.11,3919.29,365.82,0,0,313.73
M0178,L037,Fairway Gaming Hall,2025-05-01,Life of Luxury,Gaming Hall,30.0,31,0.82,0.933,1321.6,1226.54,95.06,1,0,355.16
M0155,L035,Woodland Star Gaming,2025-11-01,Classic Reels,Truck Stop,66.6,24,0.75,0.92,1200.0,1094.65,105.35,0,0,-132.43
M0084,L005,Gulf Coast Gaming,2026-05-01,Pot of Gold,Truck Stop,55.1,23,1.21,0.925,2251.6,2111.22,140.38,0,1,-322.87
M0059,L007,Magnolia Gaming Hall,2026-05-01,Life of Luxury,Convenience Store,34.9,30,2.1,0.899,4247.52,3880.51,367.01,1,0,812.21
M0177,L018,Copper Creek Gaming,2025-11-01,Classic Reels,Bar,16.1,24,0.76,0.891,1200.0,1053.15,146.85,1,0,54.55
M0044,L016,Red Oak Game Center,2025-03-01,Life of Luxury,Restaurant,32.9,22,1.98,0.912,1377.61,1253.93,123.68,0,0,424.25
M0075,L034,Highland Park Gaming,2025-08-01,Pot of Gold,Gaming Hall,31.2,30,1.94,0.933,6399.81,5966.5,433.31,0,0,896.75
M0014,L008,Silver Creek Gaming,2026-01-01,Life of Luxury,Bar,28.7,31,2.76,0.909,3230.1,2906.28,323.82,1,0,162.42
M0143,L017,Grand Parkway Gaming,2025-11-01,Fire Link,Bar,10.6,23,2.23,0.892,6221.93,5578.78,643.15,0,0,-256.84
M0117,L011,Sunset Bay Gaming,2025-07-01,Classic Reels,Truck Stop,117.7,21,1.85,0.88,1652.38,1440.22,212.16,1,0,184.75
M0016,L009,Pine Ridge Game Center,2025-07-01,Pot of Gold,Truck Stop,114.0,21,2.4,0.915,2378.13,2160.57,217.56,1,0,-223.51
M0040,L008,Silver Creek Gaming,2025-02-01,Pot of Gold,Convenience Store,42.7,27,1.95,0.896,2298.63,2056.78,241.85,3,0,44.79
M0100,L009,Pine Ridge Game Center,2025-06-01,Fire Link,Gaming Hall,56.5,23,1.4,0.908,1886.35,1679.1,207.25,2,0,-82.84
M0098,L026,Stonebridge Gaming,2026-01-01,Video Poker,Bar,65.8,27,1.02,0.904,2074.1,1823.8,250.3,0,0,409.09
M0145,L019,Lakeview Game Center,2025-05-01,Life of Luxury,Gaming Hall,43.3,29,1.34,0.899,3467.73,3155.7,312.03,0,0,820.81
M0048,L020,Brazos Bend Gaming,2026-06-01,Video Poker,Truck Stop,59.4,20,1.63,0.917,2557.35,2322.37,234.98,0,0,-464.32
M0167,L022,Horizon Game Center,2025-02-01,Video Poker,Gaming Hall,72.4,30,1.75,0.924,3232.04,3069.2,162.84,0,0,983.17
M0081,L034,Highland Park Gaming,2025-11-01,Life of Luxury,Gaming Hall,53.6,20,0.48,0.959,1200.0,1179.19,20.81,0,0,-713.28
M0149,L039,Crescent Bay Game Center,2025-09-01,Classic Reels,Restaurant,81.3,21,1.53,0.929,1200.0,1107.51,92.49,1,0,-900.0
M0043,L024,Metro Star Gaming,2026-03-01,A-Liner,Bar,27.9,28,1.67,0.95,1750.98,1712.58,38.4,0,0,-444.04
M0007,L029,Meadowbrook Gaming,2026-04-01,Fire Link,Restaurant,47.0,27,1.95,0.89,4926.99,4440.45,486.54,0,0,506.81
M0010,L034,Highland Park Gaming,2025-10-01,Fire Link,Gaming Hall,180.0,31,2.54,0.87,8381.77,7227.23,1154.54,2,1,1339.7
M0068,L032,Bay Area Game Center,2025-12-01,Classic Reels,Restaurant,94.4,26,1.75,0.91,1624.88,1428.3,196.58,1,1,-514.09
M0172,L007,Magnolia Gaming Hall,2026-01-01,Classic Reels,Gaming Hall,54.5,25,1.15,0.931,1200.0,1127.11,72.89,0,0,-569.62
M0009,L045,Summit Point Gaming,2025-10-01,Classic Reels,Gaming Hall,21.6,28,0.65,0.928,1821.33,1690.88,130.45,1,0,391.72
M0067,L008,Silver Creek Gaming,2025-04-01,Video Poker,Bar,48.8,29,2.03,0.94,2897.13,2738.3,158.83,0,0,179.03
M0020,L019,Lakeview Game Center,2025-08-01,Fire Link,Gaming Hall,90.2,28,1.17,0.847,2142.91,1809.16,333.75,0,0,1214.56
M0168,L030,Crossroads Game Center,2025-05-01,Classic Reels,Convenience Store,78.0,24,2.13,0.941,3409.74,3161.76,247.98,2,0,144.57
M0122,L019,Lakeview Game Center,2025-09-01,Video Poker,Gaming Hall,8.1,31,2.42,0.918,3426.14,3127.64,298.5,1,0,234.47
M0138,L011,Sunset Bay Gaming,2025-12-01,Life of Luxury,Gaming Hall,11.0,23,0.8,0.871,1200.0,1055.38,144.62,0,0,-95.06
M0129,L042,Market Square Gaming,2025-04-01,Pot of Gold,Restaurant,11.6,24,1.95,0.928,1967.73,1817.69,150.04,2,0,-536.09
M0119,L004,Katy Oaks Gaming,2025-05-01,Fire Link,Gaming Hall,66.5,23,2.36,0.914,2131.79,1939.24,192.55,1,0,-659.88
M0140,L012,Riverstone Game Center,2026-03-01,Classic Reels,Convenience Store,11.7,23,2.21,0.92,1994.44,1798.52,195.92,0,0,-102.99
M0002,L045,Summit Point Gaming,2025-07-01,Life of Luxury,Restaurant,20.8,22,0.5,0.935,1200.0,1123.31,76.69,1,0,-47.1
M0156,L033,Spring Creek Gaming,2025-04-01,Classic Reels,Gaming Hall,42.1,26,1.18,0.921,1238.35,1124.0,114.35,0,0,121.94
M0134,L004,Katy Oaks Gaming,2026-01-01,Pot of Gold,Restaurant,100.4,28,0.95,0.873,1200.0,1060.83,139.17,0,0,41.4
M0134,L034,Highland Park Gaming,2026-01-01,Fire Link,Gaming Hall,68.7,25,1.94,0.906,2606.62,2338.64,267.98,0,0,-689.84
M0071,L044,Town Center Game Hall,2026-03-01,A-Liner,Bar,38.3,31,1.88,0.87,1827.09,1583.08,244.01,0,0,445.91
M0145,L005,Gulf Coast Gaming,2026-02-01,Pot of Gold,Gaming Hall,82.9,25,0.25,0.926,1200.0,1142.36,57.64,0,0,221.14
M0069,L019,Lakeview Game Center,2026-06-01,Video Poker,Restaurant,169.0,25,1.48,0.945,1416.89,1333.75,83.14,1,0,-900.0
M0009,L022,Horizon Game Center,2025-11-01,Pot of Gold,Convenience Store,49.1,20,2.09,0.879,1827.21,1596.46,230.75,1,0,64.99
M0164,L006,Westfield Game Center,2025-06-01,Video Poker,Bar,15.2,30,1.73,0.893,6626.41,5963.95,662.46,0,0,941.48
M0043,L010,Bluebonnet Gaming,2026-04-01,Life of Luxury,Truck Stop,21.4,21,1.73,0.888,1789.98,1551.16,238.82,1,0,-197.76
M0019,L008,Silver Creek Gaming,2025-05-01,Video Poker,Bar,21.2,21,1.45,0.899,1832.77,1675.17,157.6,0,0,-409.57
M0112,L009,Pine Ridge Game Center,2025-06-01,A-Liner,Truck Stop,25.7,31,1.07,0.92,2151.29,2004.85,146.44,0,0,175.78
M0043,L019,Lakeview Game Center,2026-03-01,Pot of Gold,Restaurant,36.2,26,1.64,0.899,1927.04,1744.54,182.5,0,0,379.98
M0155,L021,Cedar Grove Gaming,2026-04-01,Pot of Gold,Truck Stop,57.9,20,1.68,0.926,2106.03,1864.84,241.19,1,1,-900.0
M0080,L011,Sunset Bay Gaming,2025-07-01,Pot of Gold,Truck Stop,13.0,25,1.99,0.937,2796.74,2611.84,184.9,0,0,-166.39
M0001,L014,Clearwater Gaming Hall,2026-02-01,A-Liner,Truck Stop,15.5,27,2.03,0.938,2847.18,2627.17,220.01,2,0,-900.0
M0172,L009,Pine Ridge Game Center,2026-05-01,Classic Reels,Gaming Hall,72.0,20,1.7,0.882,1363.07,1220.61,142.46,2,1,-490.91
M0093,L036,Greenfield Game Center,2026-03-01,Fire Link,Restaurant,31.3,29,2.25,0.945,2627.78,2516.44,111.34,2,0,198.17
M0048,L010,Bluebonnet Gaming,2025-01-01,Fire Link,Restaurant,23.3,28,1.44,0.947,2022.94,1925.14,97.8,0,0,814.43
M0122,L041,Palms Gaming Center,2025-12-01,A-Liner,Convenience Store,39.5,20,0.86,0.949,1200.0,1121.48,78.52,0,0,-238.73
M0096,L025,Parkside Game Center,2025-04-01,Fire Link,Gaming Hall,112.1,27,1.91,0.906,6788.17,6271.8,516.37,1,0,995.36
M0006,L037,Fairway Gaming Hall,2026-04-01,A-Liner,Truck Stop,78.9,22,1.72,0.891,4562.6,4050.92,511.68,1,0,-318.85
M0137,L029,Meadowbrook Gaming,2025-02-01,Fire Link,Gaming Hall,75.2,28,1.92,0.885,4001.66,3628.16,373.5,2,0,-232.76
M0073,L012,Riverstone Game Center,2026-06-01,Classic Reels,Bar,138.3,24,0.95,0.882,1277.82,1131.11,146.71,0,0,119.0
M0126,L028,Southpoint Game Center,2025-04-01,Video Poker,Convenience Store,59.9,22,2.63,0.91,3477.68,3185.84,291.84,2,1,-644.29
M0162,L013,Heritage Oaks Gaming,2025-08-01,Fire Link,Gaming Hall,146.6,26,2.04,0.931,2075.85,1921.15,154.7,2,0,-389.56
M0110,L006,Westfield Game Center,2025-05-01,Pot of Gold,Restaurant,154.3,25,1.49,0.943,2578.05,2474.63,103.42,0,0,167.39
M0121,L012,Riverstone Game Center,2026-03-01,Pot of Gold,Gaming Hall,13.4,24,1.14,0.898,1468.79,1329.7,139.09,1,0,85.92
M0046,L013,Heritage Oaks Gaming,2025-08-01,A-Liner,Restaurant,10.0,30,2.24,0.909,7140.06,6613.94,526.12,1,0,1066.03
M0043,L007,Magnolia Gaming Hall,2026-02-01,Life of Luxury,Restaurant,20.0,27,1.04,0.907,1200.0,1090.96,109.04,0,0,-187.76
M0075,L002,Cypress Point Gaming,2025-02-01,Video Poker,Bar,104.8,25,2.89,0.894,4954.35,4426.39,527.96,0,1,482.75
M0154,L043,Victory Lane Gaming,2025-09-01,A-Liner,Restaurant,40.1,22,1.31,0.928,1200.0,1122.17,77.83,1,0,-448.05
M0095,L024,Metro Star Gaming,2026-05-01,Fire Link,Gaming Hall,36.4,26,2.6,0.919,12026.54,11260.58,765.96,1,0,1177.25
M0063,L019,Lakeview Game Center,2026-05-01,Classic Reels,Restaurant,84.4,20,1.55,0.914,1200.0,1111.44,88.56,0,0,-156.94
M0141,L042,Market Square Gaming,2025-04-01,Life of Luxury,Truck Stop,30.0,30,2.52,0.919,6572.53,6051.06,521.47,0,0,1242.23
M0154,L011,Sunset Bay Gaming,2025-08-01,Classic Reels,Gaming Hall,54.5,20,1.25,0.925,1688.65,1524.37,164.28,1,0,-539.68
M0163,L019,Lakeview Game Center,2025-08-01,Pot of Gold,Restaurant,71.9,28,1.66,0.925,2567.92,2400.3,167.62,1,0,506.5
M0054,L039,Crescent Bay Game Center,2025-11-01,A-Liner,Bar,21.7,24,2.09,0.889,2489.02,2169.77,319.25,0,0,629.57
M0128,L029,Meadowbrook Gaming,2025-10-01,Video Poker,Convenience Store,17.5,28,2.01,0.932,1595.21,1487.41,107.8,0,0,584.66
M0107,L018,Copper Creek Gaming,2025-02-01,Classic Reels,Restaurant,48.9,24,2.26,0.916,1200.0,1097.53,102.47,0,0,-30.47
M0081,L012,Riverstone Game Center,2026-02-01,Classic Reels,Bar,53.7,20,1.38,0.899,1844.2,1626.56,217.64,2,0,-344.13
M0072,L002,Cypress Point Gaming,2025-05-01,Fire Link,Convenience Store,80.0,31,1.7,0.916,1961.82,1805.8,156.02,1,0,247.55
M0021,L004,Katy Oaks Gaming,2025-06-01,Classic Reels,Gaming Hall,19.6,29,2.34,0.919,5788.99,5469.74,319.25,1,1,853.59
M0050,L008,Silver Creek Gaming,2026-04-01,A-Liner,Bar,26.4,20,1.26,0.937,1318.21,1230.22,87.99,2,1,-900.0
M0099,L036,Greenfield Game Center,2026-01-01,A-Liner,Truck Stop,153.3,20,1.96,0.884,3127.22,2793.2,334.02,2,1,-900.0
M0160,L029,Meadowbrook Gaming,2025-08-01,Pot of Gold,Gaming Hall,93.0,26,1.53,0.943,3621.56,3517.51,104.05,0,0,-74.73
M0156,L020,Brazos Bend Gaming,2026-05-01,Life of Luxury,Convenience Store,43.1,31,1.76,0.911,1200.0,1105.62,94.38,0,0,309.5
M0034,L036,Greenfield Game Center,2025-08-01,A-Liner,Gaming Hall,103.1,26,1.7,0.897,3172.98,2821.61,351.37,1,0,276.53
M0123,L008,Silver Creek Gaming,2025-11-01,Pot of Gold,Restaurant,19.6,20,1.22,0.897,1200.0,1079.81,120.19,1,0,-900.0
M0016,L010,Bluebonnet Gaming,2025-05-01,Classic Reels,Convenience Store,39.3,28,1.51,0.885,2390.2,2129.12,261.08,1,0,1173.57
M0122,L018,Copper Creek Gaming,2025-04-01,Classic Reels,Bar,53.3,25,1.73,0.866,2347.75,2073.55,274.2,2,0,-695.75
M0062,L042,Market Square Gaming,2025-09-01,Video Poker,Gaming Hall,35.9,27,1.59,0.927,3163.9,2979.03,184.87,0,0,-66.74
M0081,L028,Southpoint Game Center,2025-11-01,Pot of Gold,Bar,36.9,24,2.52,0.96,2831.01,2623.67,207.34,0,0,-356.02
M0130,L039,Crescent Bay Game Center,2026-03-01,Video Poker,Truck Stop,77.3,20,2.21,0.87,1466.79,1261.04,205.75,2,0,-563.36
M0077,L012,Riverstone Game Center,2025-08-01,Pot of Gold,Bar,93.9,20,1.81,0.886,1581.39,1399.78,181.61,1,0,-135.06
M0146,L039,Crescent Bay Game Center,2026-05-01,Fire Link,Bar,33.0,27,1.23,0.929,1200.0,1100.18,99.82,0,1,181.4
M0097,L004,Katy Oaks Gaming,2025-11-01,Classic Reels,Restaurant,14.2,27,1.2,0.909,1200.0,1037.52,162.48,1,0,745.19
M0180,L011,Sunset Bay Gaming,2025-02-01,Pot of Gold,Bar,11.4,23,2.74,0.931,1766.94,1629.64,137.3,0,0,-391.84
M0115,L024,Metro Star Gaming,2026-02-01,Pot of Gold,Bar,6.0,20,1.09,0.907,1200.0,1088.35,111.65,1,0,-216.64
M0054,L003,Lone Star Game Center,2025-11-01,Pot of Gold,Bar,136.8,29,1.71,0.895,2743.57,2438.2,305.37,1,0,192.31
M0140,L039,Crescent Bay Game Center,2025-08-01,Fire Link,Gaming Hall,77.5,21,1.85,0.904,3381.36,3016.3,365.06,2,0,-246.7
M0074,L040,Eagle Ridge Gaming,2025-09-01,Classic Reels,Restaurant,66.1,22,1.48,0.85,1200.0,1020.6,179.4,0,0,200.71
M0097,L025,Parkside Game Center,2025-06-01,Pot of Gold,Truck Stop,29.6,25,1.1,0.881,1236.46,1094.41,142.05,1,0,-737.24
M0025,L014,Clearwater Gaming Hall,2025-12-01,Pot of Gold,Truck Stop,29.5,28,1.22,0.934,1266.44,1175.73,90.71,1,0,1051.94
M0022,L005,Gulf Coast Gaming,2025-11-01,A-Liner,Truck Stop,95.9,31,1.35,0.94,1738.56,1662.86,75.7,1,0,296.01
M0104,L028,Southpoint Game Center,2025-09-01,Life of Luxury,Bar,10.0,27,1.26,0.945,1200.0,1134.83,65.17,0,0,-429.41
M0034,L025,Parkside Game Center,2025-06-01,Classic Reels,Gaming Hall,34.1,31,2.38,0.921,3704.89,3373.46,331.43,1,0,436.75
M0180,L035,Woodland Star Gaming,2025-08-01,Video Poker,Convenience Store,105.4,27,1.64,0.854,1200.0,1008.61,191.39,0,0,214.83
M0155,L028,Southpoint Game Center,2025-09-01,Classic Reels,Truck Stop,34.1,30,1.36,0.894,2458.74,2191.83,266.91,0,0,393.55
M0127,L006,Westfield Game Center,2025-09-01,Video Poker,Restaurant,48.7,22,1.71,0.943,1207.03,1154.36,52.67,0,0,-900.0
M0133,L006,Westfield Game Center,2025-06-01,Fire Link,Bar,44.4,20,2.02,0.951,2681.05,2523.18,157.87,0,0,-310.06
M0108,L036,Greenfield Game Center,2025-11-01,Classic Reels,Convenience Store,2.0,28,1.46,0.944,2050.85,1950.67,100.18,0,0,25.21
M0011,L008,Silver Creek Gaming,2025-05-01,Life of Luxury,Restaurant,43.0,31,2.15,0.904,3368.85,3049.26,319.59,0,0,1058.88
M0071,L043,Victory Lane Gaming,2025-10-01,Pot of Gold,Truck Stop,49.7,28,0.95,0.877,2089.82,1882.76,207.06,3,0,-398.53
M0090,L005,Gulf Coast Gaming,2025-03-01,A-Liner,Restaurant,40.5,24,2.29,0.909,1200.0,1096.42,103.58,0,0,847.8
M0165,L033,Spring Creek Gaming,2025-09-01,Pot of Gold,Bar,16.7,25,1.65,0.91,1756.12,1583.36,172.76,1,0,234.18
M0040,L044,Town Center Game Hall,2026-03-01,Video Poker,Gaming Hall,40.8,21,1.62,0.949,3108.77,2977.69,131.08,0,0,-216.22
M0090,L020,Brazos Bend Gaming,2026-03-01,A-Liner,Bar,6.4,24,1.27,0.916,1706.15,1578.6,127.55,2,0,-6.85
M0062,L003,Lone Star Game Center,2026-01-01,Video Poker,Bar,33.8,28,0.97,0.91,2790.44,2526.01,264.43,0,0,-286.02
M0025,L040,Eagle Ridge Gaming,2026-02-01,Life of Luxury,Truck Stop,79.0,21,0.73,0.912,1680.6,1509.23,171.37,0,0,-518.63
M0019,L009,Pine Ridge Game Center,2025-02-01,Fire Link,Bar,131.9,25,1.23,0.92,1974.48,1829.22,145.26,1,0,581.9
M0066,L024,Metro Star Gaming,2025-07-01,Classic Reels,Bar,117.6,23,1.97,0.926,1711.58,1586.23,125.35,2,0,-689.3
M0015,L045,Summit Point Gaming,2025-12-01,Life of Luxury,Bar,19.2,25,1.12,0.892,1200.0,1048.56,151.44,3,0,-321.35
M0013,L034,Highland Park Gaming,2026-03-01,Fire Link,Convenience Store,11.9,29,0.8,0.884,1200.0,1064.47,135.53,0,0,292.52
M0064,L003,Lone Star Game Center,2025-11-01,A-Liner,Convenience Store,53.3,30,1.15,0.944,1200.0,1123.63,76.37,1,0,903.29
M0037,L037,Fairway Gaming Hall,2026-04-01,Video Poker,Gaming Hall,47.3,24,1.44,0.869,1522.81,1295.63,227.18,1,0,-140.12
M0100,L008,Silver Creek Gaming,2025-05-01,Classic Reels,Truck Stop,70.9,29,1.46,0.951,1271.56,1203.88,67.68,1,0,-342.82
M0004,L034,Highland Park Gaming,2025-03-01,Pot of Gold,Bar,27.6,28,1.58,0.862,2766.8,2427.58,339.22,0,0,1702.75
M0055,L028,Southpoint Game Center,2025-02-01,Fire Link,Bar,48.4,31,2.22,0.895,8057.78,7328.52,729.26,0,0,607.85
M0082,L013,Heritage Oaks Gaming,2025-11-01,A-Liner,Gaming Hall,46.4,28,2.34,0.934,5393.51,5098.81,294.7,0,0,474.62
M0174,L020,Brazos Bend Gaming,2025-12-01,Pot of Gold,Convenience Store,34.7,26,2.75,0.91,2665.28,2434.02,231.26,0,0,-104.92
M0115,L006,Westfield Game Center,2025-06-01,Fire Link,Restaurant,9.2,28,0.76,0.877,1639.23,1449.32,189.91,0,0,199.05
M0159,L045,Summit Point Gaming,2026-03-01,Life of Luxury,Truck Stop,78.2,23,1.18,0.921,1659.51,1530.37,129.14,2,0,-883.07
M0062,L011,Sunset Bay Gaming,2026-02-01,Pot of Gold,Gaming Hall,53.6,28,2.03,0.912,3601.91,3237.18,364.73,1,1,-104.83
M0081,L014,Clearwater Gaming Hall,2025-07-01,Fire Link,Truck Stop,82.0,28,1.4,0.905,2241.36,2004.08,237.28,0,0,862.09
M0076,L023,Willow Creek Gaming,2025-05-01,Pot of Gold,Restaurant,95.9,27,2.12,0.894,2438.79,2162.51,276.28,1,0,-592.35
M0160,L031,Oak Ridge Gaming,2026-02-01,A-Liner,Gaming Hall,43.4,21,1.76,0.909,2694.83,2494.92,199.91,0,0,298.42
M0173,L023,Willow Creek Gaming,2026-01-01,Pot of Gold,Gaming Hall,78.5,26,2.52,0.895,4486.8,4073.66,413.14,1,0,725.7
M0174,L023,Willow Creek Gaming,2025-04-01,Classic Reels,Gaming Hall,133.9,28,2.22,0.97,2344.5,2243.78,100.72,0,0,404.65
M0136,L027,Northgate Gaming Hall,2025-05-01,Life of Luxury,Truck Stop,162.9,22,2.23,0.904,1850.49,1674.03,176.46,2,0,-546.98
M0091,L039,Crescent Bay Game Center,2025-09-01,Video Poker,Gaming Hall,58.5,29,1.42,0.901,2670.99,2393.66,277.33,1,0,586.5
M0098,L018,Copper Creek Gaming,2025-10-01,Pot of Gold,Bar,61.8,30,1.6,0.896,3037.11,2715.6,321.51,0,0,1270.48
M0177,L038,Liberty Point Gaming,2025-03-01,Fire Link,Restaurant,57.8,26,1.48,0.954,1675.17,1587.34,87.83,0,0,-620.95
M0052,L036,Greenfield Game Center,2026-06-01,Life of Luxury,Truck Stop,69.2,31,0.82,0.869,1200.0,1063.04,136.96,0,0,922.1
M0063,L044,Town Center Game Hall,2025-07-01,Life of Luxury,Convenience Store,93.1,30,2.46,0.919,5116.33,4700.75,415.58,2,0,93.33
M0162,L042,Market Square Gaming,2025-07-01,Fire Link,Restaurant,56.9,25,2.06,0.904,4009.26,3634.77,374.49,0,0,669.87
M0070,L036,Greenfield Game Center,2025-02-01,Classic Reels,Gaming Hall,156.8,30,1.46,0.874,1200.0,1052.03,147.97,0,0,130.3
M0043,L012,Riverstone Game Center,2026-04-01,Video Poker,Truck Stop,142.4,31,2.37,0.89,6421.63,5636.05,785.58,1,1,1027.81
M0101,L035,Woodland Star Gaming,2025-05-01,Life of Luxury,Gaming Hall,49.6,21,1.3,0.918,1521.45,1398.67,122.78,1,0,-900.0
M0059,L034,Highland Park Gaming,2026-06-01,Pot of Gold,Gaming Hall,49.3,31,0.64,0.888,1388.36,1250.56,137.8,0,0,-20.13
M0161,L014,Clearwater Gaming Hall,2025-09-01,Classic Reels,Truck Stop,32.7,20,2.2,0.916,3199.6,2987.38,212.22,2,1,-900.0
M0164,L031,Oak Ridge Gaming,2026-04-01,A-Liner,Gaming Hall,71.9,25,0.95,0.953,2663.7,2501.82,161.88,1,0,540.99
M0056,L012,Riverstone Game Center,2025-04-01,Life of Luxury,Gaming Hall,37.2,31,1.54,0.914,4480.07,4013.14,466.93,1,1,838.16
M0096,L024,Metro Star Gaming,2025-03-01,Classic Reels,Convenience Store,31.4,28,1.76,0.874,1872.49,1637.95,234.54,2,0,334.63
M0178,L036,Greenfield Game Center,2026-03-01,Fire Link,Bar,70.7,23,1.86,0.889,1336.61,1206.04,130.57,0,0,212.2
M0134,L009,Pine Ridge Game Center,2026-03-01,A-Liner,Gaming Hall,18.2,27,2.12,0.903,1319.84,1197.51,122.33,0,0,149.67
M0039,L016,Red Oak Game Center,2025-10-01,Fire Link,Convenience Store,94.2,22,1.97,0.901,2904.15,2640.35,263.8,2,0,-187.32
M0107,L036,Greenfield Game Center,2025-01-01,Fire Link,Restaurant,72.8,22,1.95,0.914,3805.21,3415.85,389.36,1,0,-353.43
M0112,L021,Cedar Grove Gaming,2026-05-01,Life of Luxury,Restaurant,137.5,30,1.22,0.918,1200.0,1093.36,106.64,1,0,75.86
M0118,L044,Town Center Game Hall,2025-08-01,Classic Reels,Gaming Hall,59.3,20,1.81,0.953,1663.02,1541.03,121.99,2,0,-784.77
M0005,L001,Bayou Star Gaming,2026-05-01,Pot of Gold,Convenience Store,80.8,31,0.82,0.91,1200.0,1089.95,110.05,0,0,314.65
M0054,L033,Spring Creek Gaming,2026-04-01,Classic Reels,Restaurant,88.2,25,2.51,0.881,1813.32,1550.44,262.88,0,1,-264.83
M0154,L037,Fairway Gaming Hall,2026-04-01,Classic Reels,Gaming Hall,111.4,20,0.88,0.939,1441.54,1376.66,64.88,2,1,-900.0
M0044,L042,Market Square Gaming,2026-01-01,Classic Reels,Gaming Hall,54.5,29,1.46,0.942,2399.39,2304.99,94.4,0,0,122.16
M0054,L008,Silver Creek Gaming,2026-01-01,Pot of Gold,Gaming Hall,32.5,20,0.92,0.916,1200.0,1101.23,98.77,1,0,-561.27
M0059,L045,Summit Point Gaming,2025-10-01,Life of Luxury,Convenience Store,60.3,23,1.25,0.904,3649.3,3232.73,416.57,1,0,-15.95
M0032,L018,Copper Creek Gaming,2025-01-01,Fire Link,Gaming Hall,94.1,22,1.66,0.926,1363.41,1268.66,94.75,0,0,-724.16
M0028,L016,Red Oak Game Center,2025-07-01,A-Liner,Restaurant,102.7,29,1.36,0.905,1980.64,1836.67,143.97,1,0,368.95
M0063,L016,Red Oak Game Center,2026-02-01,Video Poker,Truck Stop,9.3,24,2.28,0.859,1712.48,1480.8,231.68,2,1,-651.39
M0158,L029,Meadowbrook Gaming,2026-03-01,Fire Link,Gaming Hall,180.0,27,1.77,0.924,3089.62,2898.74,190.88,2,1,-318.82
M0001,L030,Crossroads Game Center,2025-11-01,Video Poker,Convenience Store,31.6,20,1.4,0.932,1200.0,1111.41,88.59,2,0,-900.0
M0051,L022,Horizon Game Center,2026-01-01,Pot of Gold,Gaming Hall,81.8,28,1.58,0.946,4102.23,3837.82,264.41,0,1,570.79
M0011,L004,Katy Oaks Gaming,2025-01-01,Fire Link,Gaming Hall,120.0,28,2.32,0.892,4016.43,3579.24,437.19,0,1,698.69
M0102,L045,Summit Point Gaming,2025-09-01,Pot of Gold,Restaurant,46.2,23,2.15,0.916,1960.89,1750.84,210.05,1,0,-658.16
M0046,L010,Bluebonnet Gaming,2025-10-01,Classic Reels,Bar,105.5,30,1.02,0.916,1200.0,1131.8,68.2,0,0,576.17
M0143,L005,Gulf Coast Gaming,2026-05-01,Pot of Gold,Truck Stop,9.3,25,1.28,0.912,1200.0,1096.41,103.59,0,0,721.29
M0106,L027,Northgate Gaming Hall,2025-06-01,Life of Luxury,Convenience Store,108.1,28,1.91,0.913,2841.59,2623.93,217.66,0,0,-88.07
M0142,L019,Lakeview Game Center,2025-05-01,Classic Reels,Gaming Hall,99.3,22,1.84,0.911,2356.94,2134.12,222.82,2,0,-857.87
M0115,L028,Southpoint Game Center,2025-07-01,Fire Link,Bar,65.8,31,1.07,0.915,2257.72,2024.01,233.71,3,0,625.96
M0079,L040,Eagle Ridge Gaming,2025-04-01,Pot of Gold,Gaming Hall,94.3,22,2.06,0.929,2836.5,2683.64,152.86,1,0,-900.0
M0155,L005,Gulf Coast Gaming,2025-11-01,Pot of Gold,Truck Stop,145.0,27,1.16,0.941,1606.19,1489.76,116.43,1,0,-351.35
M0086,L013,Heritage Oaks Gaming,2025-12-01,Fire Link,Restaurant,122.5,21,2.37,0.891,4109.69,3678.94,430.75,3,0,-900.0
M0171,L024,Metro Star Gaming,2026-03-01,Life of Luxury,Bar,48.3,20,1.94,0.906,2995.42,2729.78,265.64,2,0,-227.23
M0180,L036,Greenfield Game Center,2026-06-01,Life of Luxury,Convenience Store,59.8,21,1.03,0.899,1608.99,1447.91,161.08,1,0,-774.07
M0107,L028,Southpoint Game Center,2025-02-01,A-Liner,Convenience Store,42.2,31,1.36,0.896,1810.77,1605.4,205.37,0,0,535.27
M0122,L018,Copper Creek Gaming,2025-05-01,Life of Luxury,Restaurant,38.0,22,1.35,0.87,2332.46,2025.05,307.41,2,1,-900.0
M0047,L028,Southpoint Game Center,2025-06-01,A-Liner,Gaming Hall,87.9,30,1.74,0.911,2405.38,2163.88,241.5,1,0,946.08
M0147,L045,Summit Point Gaming,2025-05-01,Fire Link,Gaming Hall,41.8,26,1.54,0.922,2540.71,2367.21,173.5,0,0,-97.19
M0121,L022,Horizon Game Center,2026-03-01,Life of Luxury,Gaming Hall,87.7,21,1.02,0.906,2183.34,1993.08,190.26,0,1,-900.0
M0163,L040,Eagle Ridge Gaming,2025-03-01,Pot of Gold,Bar,46.1,25,0.88,0.91,1663.79,1513.62,150.17,1,0,-650.7
M0049,L036,Greenfield Game Center,2025-01-01,Life of Luxury,Bar,51.4,25,1.64,0.92,2140.64,1954.79,185.85,0,0,406.39
M0142,L014,Clearwater Gaming Hall,2026-04-01,Pot of Gold,Gaming Hall,24.8,23,1.81,0.945,1711.99,1661.12,50.87,1,0,69.26
M0085,L012,Riverstone Game Center,2026-06-01,Life of Luxury,Bar,86.2,27,1.71,0.9,2104.17,1860.88,243.29,1,1,386.82
M0034,L035,Woodland Star Gaming,2025-05-01,Video Poker,Bar,8.6,30,1.8,0.881,1866.58,1609.86,256.72,0,0,167.79
M0031,L010,Bluebonnet Gaming,2025-06-01,Classic Reels,Gaming Hall,110.9,30,1.31,0.908,4256.06,3860.31,395.75,1,0,440.8
M0102,L016,Red Oak Game Center,2025-10-01,Fire Link,Truck Stop,180.0,26,1.75,0.957,3770.76,3596.94,173.82,0,0,1049.93
M0058,L011,Sunset Bay Gaming,2025-10-01,A-Liner,Convenience Store,52.8,30,3.05,0.881,2408.63,2153.73,254.9,0,0,457.94
M0019,L028,Southpoint Game Center,2026-06-01,A-Liner,Bar,51.0,31,2.3,0.926,2045.72,1910.2,135.52,0,0,386.51
M0077,L014,Clearwater Gaming Hall,2025-08-01,Classic Reels,Bar,12.2,21,1.49,0.939,1200.0,1127.23,72.77,0,0,-359.94
M0118,L030,Crossroads Game Center,2025-01-01,Life of Luxury,Bar,33.2,27,1.36,0.851,1436.66,1231.22,205.44,0,0,548.73
M0058,L043,Victory Lane Gaming,2025-08-01,Life of Luxury,Truck Stop,95.0,29,0.25,0.92,1200.0,1110.94,89.06,0,0,547.41
M0172,L038,Liberty Point Gaming,2025-11-01,Life of Luxury,Convenience Store,104.3,20,2.24,0.925,2928.9,2783.17,145.73,0,0,-790.73
M0141,L043,Victory Lane Gaming,2025-10-01,Pot of Gold,Bar,57.9,27,2.08,0.903,1950.31,1767.06,183.25,0,0,65.73
M0093,L002,Cypress Point Gaming,2025-10-01,Life of Luxury,Truck Stop,91.2,30,1.35,0.894,5710.22,5058.27,651.95,1,1,442.74
M0169,L021,Cedar Grove Gaming,2026-05-01,Video Poker,Restaurant,25.2,23,0.86,0.895,1200.0,1076.86,123.14,1,0,-577.57
M0078,L010,Bluebonnet Gaming,2026-03-01,Video Poker,Restaurant,67.9,30,1.01,0.902,1200.0,1044.69,155.31,0,0,-23.29
M0026,L042,Market Square Gaming,2025-05-01,Pot of Gold,Gaming Hall,130.3,31,1.89,0.902,7808.87,7040.54,768.33,0,0,1917.24
M0007,L033,Spring Creek Gaming,2025-07-01,Fire Link,Gaming Hall,77.5,27,1.6,0.898,5274.64,4805.81,468.83,0,0,453.71
M0169,L015,Prairie View Gaming,2026-01-01,Fire Link,Restaurant,143.5,27,2.03,0.901,2524.11,2292.46,231.65,1,0,-70.09
M0173,L026,Stonebridge Gaming,2025-08-01,Fire Link,Bar,146.4,26,1.7,0.94,2939.64,2773.79,165.85,0,0,-64.71
M0134,L028,Southpoint Game Center,2025-08-01,A-Liner,Convenience Store,71.1,24,2.18,0.88,2280.22,2024.36,255.86,2,0,-311.88
M0019,L023,Willow Creek Gaming,2025-04-01,Pot of Gold,Restaurant,2.0,25,1.85,0.866,2277.48,2002.45,275.03,1,0,300.27
M0053,L022,Horizon Game Center,2025-05-01,Classic Reels,Gaming Hall,102.9,26,2.11,0.94,1620.74,1551.21,69.53,0,0,-177.73
M0008,L003,Lone Star Game Center,2026-02-01,Video Poker,Gaming Hall,16.5,25,1.64,0.905,1200.0,1092.44,107.56,0,1,293.27
M0010,L021,Cedar Grove Gaming,2026-04-01,A-Liner,Bar,2.4,29,0.97,0.9,1200.0,1075.45,124.55,1,0,612.25
M0045,L016,Red Oak Game Center,2026-03-01,A-Liner,Gaming Hall,7.3,29,1.45,0.907,5059.9,4448.86,611.04,1,0,837.29
M0103,L037,Fairway Gaming Hall,2025-06-01,Fire Link,Convenience Store,107.8,24,2.24,0.915,5483.89,5082.13,401.76,1,0,-283.15
M0012,L039,Crescent Bay Game Center,2025-03-01,Life of Luxury,Restaurant,71.5,26,2.68,0.897,2733.15,2468.53,264.62,0,0,663.74
M0178,L034,Highland Park Gaming,2025-03-01,Pot of Gold,Bar,59.0,22,1.56,0.923,1200.0,1109.8,90.2,1,0,-477.03
M0082,L002,Cypress Point Gaming,2025-08-01,A-Liner,Restaurant,76.4,22,1.31,0.886,1288.78,1131.22,157.56,1,0,-900.0
M0048,L038,Liberty Point Gaming,2025-10-01,Pot of Gold,Bar,7.8,24,0.57,0.902,1200.0,1096.3,103.7,2,0,161.8
M0093,L018,Copper Creek Gaming,2026-05-01,Classic Reels,Restaurant,42.0,20,2.12,0.855,2039.16,1737.19,301.97,1,0,-702.76
M0143,L019,Lakeview Game Center,2026-05-01,Fire Link,Gaming Hall,29.0,30,1.35,0.939,1200.0,1126.3,73.7,0,0,940.36
M0057,L043,Victory Lane Gaming,2025-01-01,Fire Link,Restaurant,55.7,21,3.28,0.906,13338.13,12075.38,1262.75,0,0,-122.06
M0009,L040,Eagle Ridge Gaming,2026-01-01,Life of Luxury,Restaurant,57.2,23,1.24,0.927,2037.46,1899.72,137.74,1,0,-448.41
M0010,L003,Lone Star Game Center,2025-06-01,Video Poker,Gaming Hall,74.1,23,1.64,0.922,3375.53,3065.71,309.82,0,0,527.92
M0154,L017,Grand Parkway Gaming,2025-04-01,Pot of Gold,Convenience Store,82.2,22,2.06,0.924,1424.83,1326.16,98.67,0,0,-311.07
M0021,L034,Highland Park Gaming,2025-10-01,Pot of Gold,Truck Stop,8.3,24,1.08,0.91,2208.03,1990.21,217.82,0,0,381.61
M0115,L025,Parkside Game Center,2025-01-01,Pot of Gold,Gaming Hall,42.5,28,1.78,0.92,3977.14,3626.24,350.9,0,0,230.03
M0070,L012,Riverstone Game Center,2025-07-01,A-Liner,Restaurant,50.2,30,2.07,0.886,2563.58,2298.56,265.02,1,0,617.65
M0140,L024,Metro Star Gaming,2025-10-01,Video Poker,Truck Stop,16.1,22,1.53,0.881,2014.09,1750.36,263.73,0,0,-67.2
M0011,L039,Crescent Bay Game Center,2025-05-01,Life of Luxury,Truck Stop,14.5,22,2.11,0.907,2329.64,2137.68,191.96,1,1,-449.15
M0162,L011,Sunset Bay Gaming,2025-11-01,Video Poker,Bar,7.3,25,2.1,0.893,2895.71,2589.39,306.32,3,1,409.09
M0126,L034,Highland Park Gaming,2025-09-01,Life of Luxury,Convenience Store,12.5,23,1.98,0.946,2519.58,2333.69,185.89,2,0,209.61
M0081,L034,Highland Park Gaming,2026-03-01,A-Liner,Truck Stop,90.8,29,1.64,0.919,2624.72,2455.09,169.63,1,0,593.7
M0038,L040,Eagle Ridge Gaming,2025-04-01,Pot of Gold,Convenience Store,10.0,22,1.0,0.892,1200.0,1074.87,125.13,0,0,153.1
M0176,L014,Clearwater Gaming Hall,2025-02-01,Fire Link,Gaming Hall,12.0,24,1.61,0.903,4865.4,4416.47,448.93,1,0,-147.93
M0055,L010,Bluebonnet Gaming,2025-10-01,A-Liner,Gaming Hall,54.0,26,1.75,0.913,1261.75,1167.23,94.52,0,0,-69.75
M0089,L025,Parkside Game Center,2025-05-01,Fire Link,Restaurant,67.7,24,0.62,0.908,1200.0,1111.19,88.81,0,0,-732.2
M0071,L024,Metro Star Gaming,2026-01-01,Life of Luxury,Bar,49.0,27,1.74,0.917,2364.2,2173.67,190.53,0,0,-245.85
M0042,L019,Lakeview Game Center,2025-02-01,Classic Reels,Gaming Hall,19.3,29,1.6,0.912,1748.99,1608.03,140.96,0,0,148.46
M0075,L036,Greenfield Game Center,2025-11-01,Video Poker,Bar,14.8,26,0.94,0.875,1200.0,1055.35,144.65,0,0,188.23
M0028,L036,Greenfield Game Center,2026-06-01,Fire Link,Restaurant,52.9,25,1.47,0.856,3184.49,2712.82,471.67,1,0,-253.91
M0001,L012,Riverstone Game Center,2025-02-01,A-Liner,Bar,45.0,31,1.48,0.901,1935.12,1706.77,228.35,0,0,712.01
M0053,L036,Greenfield Game Center,2025-06-01,Classic Reels,Truck Stop,36.4,31,2.71,0.924,1705.36,1580.15,125.21,0,0,569.56
M0021,L011,Sunset Bay Gaming,2026-04-01,Life of Luxury,Restaurant,88.0,31,1.77,0.901,2007.85,1842.3,165.55,0,0,108.6
M0075,L019,Lakeview Game Center,2025-10-01,Video Poker,Truck Stop,42.7,20,2.22,0.941,2236.7,2120.39,116.31,1,0,75.73
M0156,L002,Cypress Point Gaming,2025-04-01,Life of Luxury,Truck Stop,13.5,30,1.59,0.909,2556.02,2290.68,265.34,0,0,159.29
M0030,L016,Red Oak Game Center,2025-04-01,Classic Reels,Gaming Hall,36.6,30,0.62,0.944,1218.77,1166.57,52.2,1,0,816.03
M0001,L044,Town Center Game Hall,2026-02-01,Pot of Gold,Convenience Store,73.3,29,2.02,0.939,3076.01,2876.95,199.06,0,0,-474.55
M0020,L020,Brazos Bend Gaming,2026-04-01,Life of Luxury,Gaming Hall,40.7,28,1.29,0.936,2074.64,1889.78,184.86,0,0,383.55
M0092,L032,Bay Area Game Center,2025-07-01,Fire Link,Truck Stop,72.4,24,1.47,0.88,1262.45,1126.38,136.07,0,0,-528.73
M0050,L005,Gulf Coast Gaming,2025-09-01,Fire Link,Gaming Hall,82.8,28,1.07,0.91,1714.47,1540.72,173.75,0,0,112.05
M0089,L029,Meadowbrook Gaming,2026-03-01,Classic Reels,Convenience Store,42.8,26,1.69,0.941,1200.0,1154.84,45.16,2,0,502.38
M0006,L017,Grand Parkway Gaming,2025-04-01,Video Poker,Restaurant,48.8,29,2.24,0.917,2352.85,2189.97,162.88,1,1,-155.44
M0060,L034,Highland Park Gaming,2025-04-01,Pot of Gold,Gaming Hall,38.6,24,2.16,0.924,4500.06,4145.75,354.31,1,0,-360.09
M0074,L042,Market Square Gaming,2026-02-01,Life of Luxury,Restaurant,73.5,28,2.52,0.875,3685.33,3244.98,440.35,0,0,778.58
M0078,L024,Metro Star Gaming,2025-04-01,Fire Link,Gaming Hall,37.7,29,2.6,0.958,7433.97,7322.46,111.51,0,0,346.07
M0100,L005,Gulf Coast Gaming,2026-02-01,Fire Link,Bar,68.5,30,0.52,0.89,1200.0,1082.4,117.6,0,0,582.19
M0141,L022,Horizon Game Center,2025-09-01,Fire Link,Bar,57.9,22,0.99,0.86,2351.79,2029.26,322.53,1,1,-820.9
M0085,L006,Westfield Game Center,2026-06-01,Classic Reels,Bar,7.2,30,0.66,0.901,1200.0,1122.8,77.2,1,1,-297.21
M0152,L021,Cedar Grove Gaming,2025-01-01,Classic Reels,Convenience Store,71.2,22,2.0,0.849,1581.79,1345.17,236.62,1,0,-676.83
M0096,L003,Lone Star Game Center,2026-06-01,Pot of Gold,Truck Stop,54.0,31,1.27,0.883,2843.36,2530.54,312.82,0,0,1077.99
M0047,L029,Meadowbrook Gaming,2025-05-01,Fire Link,Bar,113.8,20,1.38,0.97,1200.0,1150.52,49.48,2,0,-900.0
M0042,L014,Clearwater Gaming Hall,2025-01-01,A-Liner,Convenience Store,16.8,22,1.53,0.9,1200.0,1055.88,144.12,1,0,-809.57
M0059,L010,Bluebonnet Gaming,2026-02-01,Fire Link,Truck Stop,58.6,27,1.86,0.874,2312.39,2013.04,299.35,0,0,528.88
M0108,L001,Bayou Star Gaming,2025-10-01,Pot of Gold,Restaurant,33.4,26,0.83,0.911,1381.81,1259.47,122.34,0,0,203.91
M0044,L040,Eagle Ridge Gaming,2026-04-01,Fire Link,Gaming Hall,8.2,28,0.96,0.888,1924.77,1716.8,207.97,0,0,777.69
M0165,L038,Liberty Point Gaming,2025-02-01,Fire Link,Truck Stop,5.5,24,1.65,0.932,2231.64,2041.87,189.77,2,0,-338.73
M0087,L037,Fairway Gaming Hall,2025-02-01,Life of Luxury,Gaming Hall,129.5,20,2.31,0.888,1956.28,1752.69,203.59,2,1,-900.0
M0156,L003,Lone Star Game Center,2025-11-01,Classic Reels,Convenience Store,58.7,27,1.64,0.917,1200.0,1088.44,111.56,0,0,336.78
M0123,L016,Red Oak Game Center,2026-04-01,Life of Luxury,Convenience Store,41.7,26,1.21,0.881,2350.35,2087.83,262.52,2,1,-751.59
M0061,L044,Town Center Game Hall,2025-08-01,A-Liner,Restaurant,11.1,26,0.47,0.97,1200.0,1177.46,22.54,0,0,438.01
M0042,L027,Northgate Gaming Hall,2026-03-01,Fire Link,Gaming Hall,124.4,24,2.17,0.923,2995.2,2750.35,244.85,0,0,12.82
M0134,L006,Westfield Game Center,2026-05-01,Video Poker,Gaming Hall,26.5,30,1.25,0.906,1597.58,1428.93,168.65,0,0,177.32
M0060,L007,Magnolia Gaming Hall,2026-04-01,Pot of Gold,Restaurant,60.8,29,1.02,0.903,2355.53,2170.68,184.85,1,0,-109.2
M0045,L012,Riverstone Game Center,2025-10-01,Pot of Gold,Gaming Hall,52.4,22,0.71,0.896,1471.47,1333.85,137.62,1,0,-350.5
M0168,L044,Town Center Game Hall,2026-01-01,Life of Luxury,Bar,164.3,20,0.86,0.891,1200.0,1071.39,128.61,2,2,-900.0
M0087,L008,Silver Creek Gaming,2025-10-01,Fire Link,Restaurant,47.9,22,1.12,0.89,2024.96,1837.9,187.06,0,0,187.09
M0009,L041,Palms Gaming Center,2026-01-01,Life of Luxury,Convenience Store,31.7,20,1.52,0.952,1200.0,1143.6,56.4,0,0,-610.91
M0090,L031,Oak Ridge Gaming,2025-11-01,Classic Reels,Gaming Hall,59.4,28,0.99,0.896,1200.0,1066.26,133.74,1,0,316.44
M0083,L042,Market Square Gaming,2025-10-01,Life of Luxury,Bar,64.2,27,1.75,0.857,2071.96,1750.76,321.2,0,0,48.34
M0156,L038,Liberty Point Gaming,2025-08-01,Pot of Gold,Truck Stop,180.0,25,1.51,0.881,1501.87,1321.2,180.67,2,0,-346.97
M0129,L015,Prairie View Gaming,2025-12-01,Fire Link,Bar,47.3,27,2.87,0.933,2478.77,2335.65,143.12,0,0,844.74
M0035,L038,Liberty Point Gaming,2026-02-01,Classic Reels,Gaming Hall,16.3,29,0.71,0.904,1483.08,1365.44,117.64,0,0,428.48
M0028,L008,Silver Creek Gaming,2026-05-01,Classic Reels,Gaming Hall,36.4,29,1.74,0.907,2367.56,2148.04,219.52,0,0,292.89
M0109,L014,Clearwater Gaming Hall,2025-12-01,Classic Reels,Bar,59.3,25,1.75,0.939,2401.59,2290.05,111.54,2,0,-653.6
M0009,L010,Bluebonnet Gaming,2025-02-01,A-Liner,Truck Stop,67.4,27,1.08,0.891,1570.91,1395.64,175.27,0,0,234.52
M0058,L006,Westfield Game Center,2025-11-01,Classic Reels,Bar,10.0,26,1.7,0.926,2355.7,2159.28,196.42,0,0,833.8
M0025,L005,Gulf Coast Gaming,2025-06-01,A-Liner,Gaming Hall,32.9,31,2.07,0.893,1467.12,1287.14,179.98,0,0,151.54
M0004,L009,Pine Ridge Game Center,2025-01-01,Life of Luxury,Bar,158.0,29,1.7,0.924,1689.64,1550.96,138.68,0,0,257.35
M0166,L006,Westfield Game Center,2025-02-01,A-Liner,Gaming Hall,22.1,23,2.41,0.9,3902.0,3452.4,449.6,3,2,-900.0
M0017,L018,Copper Creek Gaming,2025-11-01,Classic Reels,Gaming Hall,89.5,30,0.45,0.904,1200.0,1113.74,86.26,0,0,255.07
M0002,L004,Katy Oaks Gaming,2026-06-01,Life of Luxury,Truck Stop,37.4,24,1.19,0.931,1766.29,1653.73,112.56,1,0,-51.89
M0168,L003,Lone Star Game Center,2025-10-01,A-Liner,Restaurant,49.5,29,2.46,0.929,1556.58,1444.28,112.3,0,0,-290.34
M0034,L045,Summit Point Gaming,2025-09-01,Fire Link,Gaming Hall,11.5,31,2.15,0.906,4643.44,4302.91,340.53,3,0,392.72
M0147,L004,Katy Oaks Gaming,2025-02-01,Fire Link,Bar,40.4,29,1.95,0.898,6378.99,5628.65,750.34,0,0,1258.46
M0006,L004,Katy Oaks Gaming,2026-01-01,Pot of Gold,Gaming Hall,58.7,21,2.33,0.95,4402.6,4175.22,227.38,1,0,-279.18
M0028,L002,Cypress Point Gaming,2025-01-01,A-Liner,Gaming Hall,47.8,22,0.6,0.925,1200.0,1138.8,61.2,0,0,-121.62
M0020,L006,Westfield Game Center,2026-04-01,Video Poker,Convenience Store,42.4,29,2.09,0.9,3296.11,2960.8,335.31,1,1,-272.11
M0128,L024,Metro Star Gaming,2026-03-01,Pot of Gold,Bar,73.8,21,2.24,0.894,5419.19,5003.87,415.32,3,0,-328.19
M0112,L038,Liberty Point Gaming,2026-06-01,Fire Link,Restaurant,14.7,20,1.29,0.936,4278.14,4044.67,233.47,1,0,-616.82
M0086,L034,Highland Park Gaming,2025-06-01,Pot of Gold,Truck Stop,60.8,23,3.1,0.913,4873.06,4525.47,347.59,0,1,37.77
M0044,L027,Northgate Gaming Hall,2025-03-01,Pot of Gold,Gaming Hall,5.0,25,1.76,0.906,1578.09,1455.03,123.06,0,0,-791.86
M0016,L004,Katy Oaks Gaming,2025-06-01,Video Poker,Truck Stop,107.0,21,0.44,0.913,1200.0,1095.62,104.38,3,0,-900.0
M0103,L035,Woodland Star Gaming,2026-03-01,Fire Link,Bar,43.6,21,1.86,0.918,4379.71,3994.92,384.79,1,0,-110.43
M0042,L002,Cypress Point Gaming,2025-04-01,Fire Link,Gaming Hall,85.4,24,1.25,0.909,1914.93,1738.02,176.91,3,1,-143.39
M0107,L029,Meadowbrook Gaming,2026-04-01,Life of Luxury,Restaurant,2.0,27,2.29,0.94,4250.59,3945.21,305.38,0,0,519.95
M0124,L019,Lakeview Game Center,2025-03-01,Video Poker,Gaming Hall,77.1,26,1.95,0.941,2009.43,1889.28,120.15,1,0,73.61
M0153,L040,Eagle Ridge Gaming,2025-01-01,Life of Luxury,Convenience Store,25.7,29,1.32,0.923,1818.85,1678.7,140.15,0,0,621.62
M0089,L014,Clearwater Gaming Hall,2025-04-01,Classic Reels,Restaurant,49.7,31,2.48,0.944,1200.0,1157.12,42.88,0,0,1018.41
M0001,L029,Meadowbrook Gaming,2026-02-01,Life of Luxury,Gaming Hall,78.0,20,2.17,0.91,1758.48,1612.74,145.74,0,0,-568.82
M0051,L020,Brazos Bend Gaming,2025-11-01,Pot of Gold,Truck Stop,46.3,28,1.19,0.927,1851.64,1768.97,82.67,0,0,-266.62
M0154,L024,Metro Star Gaming,2025-07-01,A-Liner,Gaming Hall,71.6,21,1.57,0.935,1554.1,1412.81,141.29,3,1,-900.0
M0096,L043,Victory Lane Gaming,2025-12-01,Pot of Gold,Restaurant,37.9,24,1.93,0.935,1229.4,1131.53,97.87,1,0,78.63
M0112,L033,Spring Creek Gaming,2025-12-01,A-Liner,Gaming Hall,112.7,24,1.45,0.933,1546.98,1436.74,110.24,0,0,-47.48
M0083,L019,Lakeview Game Center,2025-10-01,Life of Luxury,Gaming Hall,43.5,28,1.47,0.926,2891.73,2729.53,162.2,0,0,311.05
M0030,L021,Cedar Grove Gaming,2025-10-01,Classic Reels,Bar,44.2,23,1.67,0.959,1558.12,1492.19,65.93,0,0,-469.02
M0162,L032,Bay Area Game Center,2025-02-01,Classic Reels,Truck Stop,44.8,30,1.06,0.897,1455.09,1279.59,175.5,2,0,344.76
M0140,L016,Red Oak Game Center,2025-05-01,Classic Reels,Gaming Hall,48.7,24,0.42,0.906,1200.0,1083.67,116.33,1,0,-101.26
M0180,L008,Silver Creek Gaming,2025-10-01,Pot of Gold,Truck Stop,15.5,29,1.78,0.905,2481.57,2210.16,271.41,0,0,792.03
M0154,L022,Horizon Game Center,2025-03-01,Classic Reels,Gaming Hall,21.4,31,0.56,0.901,1606.72,1420.78,185.94,1,0,126.91
M0053,L004,Katy Oaks Gaming,2025-09-01,Video Poker,Bar,94.2,26,1.1,0.86,1200.0,1060.78,139.22,1,0,-797.46
M0046,L008,Silver Creek Gaming,2025-03-01,Life of Luxury,Bar,85.3,21,0.68,0.944,1627.75,1529.73,98.02,1,1,-900.0
M0045,L019,Lakeview Game Center,2026-03-01,Life of Luxury,Gaming Hall,81.6,28,0.74,0.884,2038.76,1806.5,232.26,0,0,-135.32
M0166,L036,Greenfield Game Center,2025-02-01,Classic Reels,Truck Stop,67.0,25,1.88,0.914,1797.63,1641.03,156.6,0,0,-559.04
M0101,L036,Greenfield Game Center,2025-02-01,Pot of Gold,Bar,32.3,24,1.53,0.874,1706.25,1486.11,220.14,0,0,730.21
M0082,L012,Riverstone Game Center,2025-12-01,A-Liner,Restaurant,29.6,25,1.51,0.926,1637.09,1499.43,137.66,0,0,-900.0
M0175,L019,Lakeview Game Center,2025-04-01,Classic Reels,Convenience Store,47.2,23,0.93,0.89,1200.0,1063.53,136.47,0,0,18.71
M0109,L007,Magnolia Gaming Hall,2025-07-01,Pot of Gold,Bar,104.2,23,1.29,0.882,2499.72,2214.87,284.85,1,1,-142.35
M0164,L034,Highland Park Gaming,2025-06-01,A-Liner,Convenience Store,56.3,31,1.86,0.915,1200.0,1118.43,81.57,0,0,931.91
M0178,L012,Riverstone Game Center,2025-04-01,A-Liner,Truck Stop,20.5,23,1.62,0.892,2141.23,1934.32,206.91,2,1,-481.71
M0015,L036,Greenfield Game Center,2026-02-01,Life of Luxury,Restaurant,12.4,25,2.1,0.896,1200.0,1057.65,142.35,0,0,654.39
M0066,L038,Liberty Point Gaming,2026-01-01,Video Poker,Convenience Store,87.2,28,2.18,0.914,2135.66,1977.33,158.33,0,0,1022.48
M0133,L032,Bay Area Game Center,2025-05-01,Pot of Gold,Convenience Store,126.6,22,1.51,0.93,2658.04,2487.14,170.9,2,1,-900.0
M0147,L015,Prairie View Gaming,2026-01-01,Fire Link,Convenience Store,9.5,27,0.63,0.89,1200.0,1059.0,141.0,1,0,369.51
M0027,L043,Victory Lane Gaming,2026-01-01,Classic Reels,Bar,89.2,30,1.23,0.885,1200.0,1064.62,135.38,0,0,998.67
M0058,L031,Oak Ridge Gaming,2025-10-01,Life of Luxury,Convenience Store,65.9,29,1.6,0.911,2065.57,1895.92,169.65,0,0,66.93
M0099,L030,Crossroads Game Center,2025-11-01,Classic Reels,Bar,24.9,20,1.22,0.923,1865.29,1722.72,142.57,1,0,-654.46
M0144,L039,Crescent Bay Game Center,2026-05-01,Pot of Gold,Restaurant,56.9,24,1.07,0.947,1371.43,1306.65,64.78,0,0,-384.46
M0021,L040,Eagle Ridge Gaming,2025-09-01,Fire Link,Truck Stop,17.5,20,1.69,0.883,1200.0,1047.17,152.83,3,0,-489.88
M0109,L004,Katy Oaks Gaming,2025-07-01,Pot of Gold,Truck Stop,48.7,27,2.99,0.902,2181.27,2019.67,161.6,0,0,-494.02
M0054,L040,Eagle Ridge Gaming,2025-10-01,A-Liner,Restaurant,49.1,23,1.38,0.939,1313.43,1202.9,110.53,0,0,411.85
M0039,L035,Woodland Star Gaming,2026-04-01,Classic Reels,Convenience Store,112.0,30,1.65,0.959,1200.0,1159.12,40.88,1,0,373.66
M0093,L010,Bluebonnet Gaming,2026-01-01,Classic Reels,Restaurant,39.4,22,0.93,0.885,1200.0,1067.28,132.72,0,0,-8.99
M0075,L014,Clearwater Gaming Hall,2025-02-01,Video Poker,Gaming Hall,27.4,30,2.33,0.892,4324.51,3890.83,433.68,0,0,-84.72
M0115,L034,Highland Park Gaming,2025-09-01,A-Liner,Bar,62.4,24,2.13,0.92,1862.24,1697.43,164.81,1,0,-609.17
M0058,L010,Bluebonnet Gaming,2026-02-01,Classic Reels,Gaming Hall,72.9,31,2.09,0.896,7294.19,6637.93,656.26,0,0,1727.83
M0149,L021,Cedar Grove Gaming,2025-05-01,Fire Link,Gaming Hall,26.5,22,2.4,0.891,4708.37,4189.06,519.31,1,0,13.13
M0015,L032,Bay Area Game Center,2026-06-01,Video Poker,Truck Stop,19.8,23,1.41,0.916,2682.75,2419.21,263.54,0,0,-677.47
M0156,L030,Crossroads Game Center,2026-03-01,A-Liner,Truck Stop,21.3,24,1.48,0.949,2512.56,2351.41,161.15,0,0,115.16
M0006,L041,Palms Gaming Center,2026-04-01,Video Poker,Bar,112.3,31,2.59,0.877,3492.89,3068.49,424.4,1,0,930.79
M0133,L006,Westfield Game Center,2025-02-01,Life of Luxury,Gaming Hall,70.7,28,2.0,0.947,3140.48,2913.87,226.61,0,0,687.07
M0063,L014,Clearwater Gaming Hall,2025-11-01,Fire Link,Restaurant,37.4,29,0.43,0.896,1200.0,1101.13,98.87,0,0,370.07
M0070,L045,Summit Point Gaming,2025-10-01,Classic Reels,Bar,99.9,26,1.9,0.919,2787.28,2596.59,190.69,1,0,461.13
M0004,L026,Stonebridge Gaming,2025-12-01,Life of Luxury,Restaurant,26.4,29,1.33,0.95,1280.12,1244.18,35.94,2,0,-200.54
M0127,L012,Riverstone Game Center,2026-04-01,Life of Luxury,Truck Stop,45.8,27,2.14,0.918,6390.81,5998.78,392.03,0,0,737.54
M0030,L014,Clearwater Gaming Hall,2025-07-01,Video Poker,Bar,17.3,28,1.87,0.903,1763.03,1584.57,178.46,0,1,149.74
M0119,L016,Red Oak Game Center,2025-10-01,Fire Link,Gaming Hall,97.0,30,0.69,0.91,1570.33,1440.88,129.45,0,0,487.68
M0131,L025,Parkside Game Center,2026-01-01,Life of Luxury,Gaming Hall,24.6,31,1.8,0.906,3083.01,2694.14,388.87,0,0,795.51
M0153,L013,Heritage Oaks Gaming,2026-02-01,Life of Luxury,Gaming Hall,25.0,26,1.77,0.923,2311.44,2122.19,189.25,0,0,113.19
M0128,L028,Southpoint Game Center,2026-02-01,Fire Link,Bar,63.4,25,1.85,0.905,6644.3,6153.87,490.43,0,0,458.03
M0055,L021,Cedar Grove Gaming,2025-07-01,A-Liner,Gaming Hall,4.4,27,1.97,0.932,2426.91,2237.77,189.14,0,0,270.83
M0133,L028,Southpoint Game Center,2026-06-01,Video Poker,Gaming Hall,13.8,28,2.47,0.875,3449.91,3009.98,439.93,1,0,865.66
M0149,L007,Magnolia Gaming Hall,2025-01-01,Video Poker,Gaming Hall,79.8,31,1.88,0.885,2490.88,2187.85,303.03,0,0,564.07
M0058,L029,Meadowbrook Gaming,2025-09-01,A-Liner,Gaming Hall,21.1,28,1.66,0.875,2607.03,2292.88,314.15,0,0,1185.36
M0023,L042,Market Square Gaming,2025-11-01,A-Liner,Restaurant,180.0,31,2.28,0.909,2684.88,2481.99,202.89,1,0,58.15
M0161,L007,Magnolia Gaming Hall,2025-02-01,Life of Luxury,Gaming Hall,54.7,28,2.88,0.872,3038.46,2593.42,445.04,1,0,917.73
M0027,L015,Prairie View Gaming,2025-09-01,Classic Reels,Truck Stop,8.7,31,2.15,0.893,2475.33,2170.44,304.89,0,0,1259.91
M0107,L032,Bay Area Game Center,2025-11-01,Life of Luxury,Gaming Hall,130.9,29,1.76,0.882,4044.72,3639.6,405.12,1,0,608.57
M0043,L028,Southpoint Game Center,2025-11-01,Pot of Gold,Gaming Hall,54.7,30,1.89,0.947,5686.55,5435.19,251.36,2,0,450.22
M0023,L031,Oak Ridge Gaming,2025-03-01,Video Poker,Gaming Hall,41.7,22,1.79,0.885,2262.65,1995.4,267.25,0,0,-356.52
M0140,L026,Stonebridge Gaming,2025-05-01,Video Poker,Restaurant,54.5,31,1.66,0.878,2161.12,1941.73,219.39,2,0,225.15
M0026,L031,Oak Ridge Gaming,2025-05-01,Life of Luxury,Gaming Hall,8.6,24,2.84,0.916,3558.24,3201.06,357.18,0,0,377.46
M0121,L028,Southpoint Game Center,2025-12-01,A-Liner,Bar,46.9,29,1.24,0.952,1302.85,1254.87,47.98,0,0,324.44
M0125,L004,Katy Oaks Gaming,2025-06-01,Fire Link,Gaming Hall,22.4,24,2.29,0.907,2560.29,2320.09,240.2,2,0,386.14
M0011,L034,Highland Park Gaming,2025-11-01,Life of Luxury,Truck Stop,44.7,25,1.58,0.909,1200.0,1099.53,100.47,0,0,-130.22
M0032,L021,Cedar Grove Gaming,2026-02-01,Life of Luxury,Gaming Hall,33.0,28,0.84,0.942,1200.0,1096.03,103.97,1,0,77.22
M0143,L003,Lone Star Game Center,2026-03-01,Pot of Gold,Bar,52.5,26,1.55,0.932,3128.27,2905.76,222.51,1,0,-580.99
M0092,L019,Lakeview Game Center,2025-04-01,Fire Link,Truck Stop,37.3,28,1.35,0.921,1882.42,1750.35,132.07,0,0,676.01
M0022,L020,Brazos Bend Gaming,2026-05-01,Fire Link,Gaming Hall,31.3,20,1.97,0.895,2348.81,2100.4,248.41,0,0,27.53
M0179,L004,Katy Oaks Gaming,2025-03-01,Fire Link,Gaming Hall,20.3,30,1.7,0.921,3014.99,2822.22,192.77,0,1,802.39
M0048,L045,Summit Point Gaming,2025-01-01,Life of Luxury,Restaurant,9.1,24,1.09,0.876,1961.26,1746.82,214.44,0,0,525.37
M0001,L011,Sunset Bay Gaming,2025-01-01,Video Poker,Gaming Hall,7.0,29,2.46,0.894,2721.57,2401.78,319.79,0,0,1082.69
M0167,L015,Prairie View Gaming,2025-04-01,A-Liner,Gaming Hall,14.3,23,2.25,0.946,3212.65,3070.93,141.72,0,0,324.77
M0003,L020,Brazos Bend Gaming,2026-04-01,Video Poker,Bar,75.5,27,2.52,0.943,3065.68,2854.42,211.26,0,0,522.75
M0100,L038,Liberty Point Gaming,2025-04-01,Pot of Gold,Gaming Hall,19.2,27,1.78,0.921,3191.16,2941.13,250.03,1,0,640.86
M0179,L034,Highland Park Gaming,2026-01-01,A-Liner,Truck Stop,27.1,21,1.63,0.91,1810.37,1574.79,235.58,1,0,-900.0
M0105,L035,Woodland Star Gaming,2025-08-01,Classic Reels,Convenience Store,27.3,25,2.04,0.88,1790.54,1557.73,232.81,0,1,-602.42
M0106,L011,Sunset Bay Gaming,2025-01-01,Life of Luxury,Convenience Store,33.4,27,1.33,0.893,2044.55,1845.09,199.46,0,0,-221.2
M0070,L039,Crescent Bay Game Center,2025-08-01,Life of Luxury,Gaming Hall,66.6,30,1.72,0.906,3106.75,2795.88,310.87,1,0,1140.51
M0023,L038,Liberty Point Gaming,2025-01-01,Life of Luxury,Restaurant,37.0,30,1.55,0.879,4321.78,3768.73,553.05,0,0,636.26
M0104,L021,Cedar Grove Gaming,2025-09-01,Life of Luxury,Convenience Store,85.6,24,0.85,0.904,1200.0,1094.98,105.02,3,1,-900.0
M0162,L025,Parkside Game Center,2025-11-01,Fire Link,Gaming Hall,14.5,27,1.72,0.954,1544.35,1457.82,86.53,0,0,331.46
M0017,L002,Cypress Point Gaming,2025-10-01,Life of Luxury,Truck Stop,79.5,22,1.41,0.92,2150.2,1955.3,194.9,1,0,-875.55
M0159,L035,Woodland Star Gaming,2025-06-01,Life of Luxury,Convenience Store,120.7,30,1.52,0.915,2185.12,2026.69,158.43,0,0,593.92
M0075,L044,Town Center Game Hall,2026-02-01,A-Liner,Restaurant,46.4,30,1.85,0.885,2233.15,1979.25,253.9,1,1,-708.81
M0097,L022,Horizon Game Center,2025-11-01,Pot of Gold,Gaming Hall,17.9,31,2.35,0.869,4201.8,3578.05,623.75,2,0,459.04
M0030,L025,Parkside Game Center,2025-05-01,Life of Luxury,Gaming Hall,67.6,25,1.18,0.879,1200.0,1067.12,132.88,0,0,168.09
M0112,L023,Willow Creek Gaming,2025-08-01,A-Liner,Restaurant,47.1,24,1.46,0.868,1200.0,1035.74,164.26,1,0,-692.86
M0033,L004,Katy Oaks Gaming,2025-02-01,Pot of Gold,Restaurant,59.3,29,1.23,0.912,3363.44,3010.83,352.61,1,0,1077.0
M0050,L028,Southpoint Game Center,2026-05-01,Life of Luxury,Bar,87.3,28,1.19,0.92,1288.77,1146.89,141.88,0,0,315.21
M0130,L033,Spring Creek Gaming,2026-02-01,Life of Luxury,Gaming Hall,34.8,22,1.32,0.886,2681.9,2405.24,276.66,0,0,468.75
M0010,L042,Market Square Gaming,2025-06-01,Pot of Gold,Restaurant,30.4,26,1.54,0.914,1200.0,1084.42,115.58,0,0,315.9
M0081,L042,Market Square Gaming,2026-01-01,Fire Link,Gaming Hall,180.0,27,1.97,0.947,2345.86,2186.51,159.35,1,0,-8.36
M0108,L023,Willow Creek Gaming,2026-01-01,Pot of Gold,Bar,68.2,25,1.83,0.959,3223.26,3115.84,107.42,0,0,-401.7
M0024,L044,Town Center Game Hall,2025-11-01,Life of Luxury,Convenience Store,98.0,24,1.07,0.929,1200.0,1126.4,73.6,2,0,-83.43
M0054,L024,Metro Star Gaming,2025-01-01,Video Poker,Gaming Hall,83.9,22,2.36,0.906,3720.5,3335.63,384.87,1,0,43.91
M0062,L029,Meadowbrook Gaming,2026-04-01,Video Poker,Gaming Hall,98.8,24,2.17,0.928,2944.31,2764.56,179.75,3,1,110.5
M0120,L028,Southpoint Game Center,2026-06-01,Life of Luxury,Gaming Hall,60.8,22,1.15,0.944,1410.78,1366.56,44.22,1,0,-74.65
M0176,L045,Summit Point Gaming,2026-06-01,Life of Luxury,Truck Stop,90.8,23,2.32,0.86,2098.23,1838.39,259.84,2,0,-493.43
M0151,L034,Highland Park Gaming,2026-06-01,Fire Link,Bar,27.3,22,1.83,0.947,1360.06,1307.42,52.64,3,0,-519.63
M0035,L006,Westfield Game Center,2026-05-01,Classic Reels,Convenience Store,8.8,24,1.56,0.896,2344.35,2109.37,234.98,1,0,108.36
M0004,L004,Katy Oaks Gaming,2026-02-01,Classic Reels,Truck Stop,21.6,27,1.85,0.897,4368.26,3895.07,473.19,1,0,932.79
M0010,L019,Lakeview Game Center,2025-02-01,Pot of Gold,Convenience Store,41.9,24,1.64,0.901,1200.0,1080.4,119.6,1,1,52.7
M0108,L024,Metro Star Gaming,2025-09-01,Pot of Gold,Convenience Store,37.7,21,1.95,0.918,1200.0,1107.95,92.05,1,0,-573.65
M0029,L031,Oak Ridge Gaming,2025-05-01,Fire Link,Convenience Store,47.3,29,1.75,0.882,2007.37,1740.21,267.16,2,0,-213.07
M0042,L022,Horizon Game Center,2025-04-01,Video Poker,Bar,25.9,25,1.46,0.903,1960.73,1752.44,208.29,2,0,-900.0
M0153,L024,Metro Star Gaming,2026-03-01,Video Poker,Convenience Store,5.2,27,0.54,0.923,1200.0,1087.04,112.96,0,0,-222.9
M0158,L042,Market Square Gaming,2026-03-01,Pot of Gold,Truck Stop,34.0,26,1.94,0.915,3483.79,3197.5,286.29,0,1,-222.83
M0152,L016,Red Oak Game Center,2025-10-01,A-Liner,Restaurant,12.7,26,1.44,0.92,1454.41,1339.51,114.9,0,0,770.71
M0046,L023,Willow Creek Gaming,2026-02-01,Pot of Gold,Bar,45.8,25,2.08,0.902,2604.75,2329.08,275.67,1,0,762.42
M0112,L026,Stonebridge Gaming,2025-03-01,A-Liner,Bar,62.9,29,1.91,0.91,7030.25,6586.26,443.99,0,1,782.46
M0110,L022,Horizon Game Center,2025-04-01,Video Poker,Truck Stop,33.5,30,1.46,0.936,1716.99,1585.58,131.41,1,0,949.93
M0034,L044,Town Center Game Hall,2026-04-01,Fire Link,Gaming Hall,16.9,30,2.21,0.935,9284.04,8603.72,680.32,2,0,589.17
M0100,L044,Town Center Game Hall,2025-09-01,Pot of Gold,Restaurant,49.1,25,1.76,0.921,3805.94,3540.92,265.02,1,1,-870.07
M0095,L024,Metro Star Gaming,2025-10-01,A-Liner,Gaming Hall,180.0,24,1.74,0.933,2858.34,2698.69,159.65,3,0,-900.0
M0072,L021,Cedar Grove Gaming,2025-09-01,Fire Link,Restaurant,68.2,20,1.57,0.932,1200.0,1106.94,93.06,1,0,-900.0
M0136,L027,Northgate Gaming Hall,2025-04-01,Classic Reels,Restaurant,71.8,25,2.58,0.97,2428.07,2361.99,66.08,2,0,-836.56
M0122,L009,Pine Ridge Game Center,2026-03-01,Life of Luxury,Bar,30.7,31,1.26,0.94,1557.49,1449.48,108.01,0,0,443.54
M0096,L020,Brazos Bend Gaming,2026-02-01,Video Poker,Gaming Hall,23.1,23,1.47,0.908,1939.35,1756.34,183.01,0,0,51.75
M0131,L010,Bluebonnet Gaming,2026-01-01,Life of Luxury,Restaurant,99.0,30,0.97,0.887,1200.0,1066.47,133.53,0,0,500.82
M0138,L007,Magnolia Gaming Hall,2025-07-01,Pot of Gold,Bar,3.0,29,2.05,0.903,4330.62,3939.67,390.95,0,0,497.6
M0103,L005,Gulf Coast Gaming,2025-12-01,Life of Luxury,Bar,25.2,27,1.33,0.902,2728.78,2471.76,257.02,0,0,646.72
M0049,L027,Northgate Gaming Hall,2026-06-01,Pot of Gold,Bar,139.1,26,1.39,0.923,3145.26,2913.38,231.88,0,0,-153.74
M0137,L001,Bayou Star Gaming,2025-12-01,Life of Luxury,Bar,43.6,29,1.37,0.892,1677.1,1474.27,202.83,1,0,405.27
M0130,L030,Crossroads Game Center,2025-09-01,A-Liner,Convenience Store,10.2,21,1.68,0.94,1200.0,1133.59,66.41,0,0,-837.15
M0178,L020,Brazos Bend Gaming,2025-05-01,Pot of Gold,Gaming Hall,64.2,21,0.96,0.875,1512.33,1333.29,179.04,0,0,211.93
M0027,L017,Grand Parkway Gaming,2025-10-01,Pot of Gold,Bar,33.6,22,0.42,0.869,1200.0,1052.72,147.28,1,1,-603.87
M0076,L035,Woodland Star Gaming,2025-07-01,Pot of Gold,Truck Stop,7.8,29,1.9,0.907,3163.03,2841.56,321.47,0,1,728.93
M0167,L025,Parkside Game Center,2025-12-01,Pot of Gold,Gaming Hall,55.7,25,0.49,0.889,1200.0,1079.98,120.02,0,0,-424.7
M0093,L034,Highland Park Gaming,2025-01-01,Video Poker,Bar,49.7,22,2.12,0.879,1956.3,1688.66,267.64,1,0,-206.96
M0170,L032,Bay Area Game Center,2025-04-01,Video Poker,Convenience Store,47.6,20,2.51,0.894,1526.54,1356.83,169.71,1,0,-331.08
M0003,L002,Cypress Point Gaming,2026-03-01,Pot of Gold,Truck Stop,67.5,25,1.56,0.891,2883.96,2560.07,323.89,0,0,-644.06
M0007,L010,Bluebonnet Gaming,2025-07-01,Classic Reels,Convenience Store,15.8,24,2.36,0.91,1853.76,1658.84,194.92,0,0,491.32
M0144,L026,Stonebridge Gaming,2025-08-01,Classic Reels,Restaurant,59.9,22,1.64,0.894,1594.14,1419.6,174.54,2,0,-900.0
M0065,L044,Town Center Game Hall,2025-10-01,Video Poker,Gaming Hall,52.5,20,2.53,0.897,3579.19,3220.05,359.14,2,0,-360.04
M0094,L007,Magnolia Gaming Hall,2025-08-01,Life of Luxury,Bar,97.5,29,1.4,0.91,2345.49,2083.01,262.48,1,0,1108.16
M0078,L005,Gulf Coast Gaming,2026-02-01,Life of Luxury,Truck Stop,24.9,29,0.35,0.935,1200.0,1116.32,83.68,0,0,844.94
M0074,L043,Victory Lane Gaming,2025-05-01,Fire Link,Truck Stop,109.4,22,1.61,0.947,1467.02,1358.49,108.53,2,0,-900.0
M0170,L044,Town Center Game Hall,2026-02-01,Classic Reels,Convenience Store,82.9,25,2.59,0.914,1497.22,1405.14,92.08,1,0,-301.71
M0017,L008,Silver Creek Gaming,2025-04-01,Classic Reels,Bar,42.3,23,1.94,0.916,1844.29,1694.07,150.22,0,0,388.39
M0139,L019,Lakeview Game Center,2025-07-01,Fire Link,Bar,47.6,24,1.37,0.905,1841.3,1669.16,172.14,1,0,-423.7
M0161,L029,Meadowbrook Gaming,2025-11-01,Life of Luxury,Gaming Hall,3.4,21,1.83,0.922,1871.75,1730.97,140.78,0,0,-342.2
M0119,L009,Pine Ridge Game Center,2026-04-01,Classic Reels,Truck Stop,46.6,31,2.18,0.92,3341.24,3098.18,243.06,1,0,413.32
M0072,L015,Prairie View Gaming,2025-05-01,Classic Reels,Restaurant,78.9,28,1.6,0.943,2459.16,2347.85,111.31,0,0,473.01
M0029,L018,Copper Creek Gaming,2025-11-01,Fire Link,Bar,37.3,30,3.09,0.863,8719.72,7361.51,1358.21,1,0,1005.88
M0123,L029,Meadowbrook Gaming,2025-02-01,A-Liner,Gaming Hall,97.4,23,1.37,0.904,3187.12,2931.26,255.86,0,0,206.94
M0085,L014,Clearwater Gaming Hall,2025-02-01,Fire Link,Bar,65.0,30,2.2,0.918,2116.74,1974.81,141.93,1,0,159.03
M0027,L019,Lakeview Game Center,2026-02-01,Fire Link,Gaming Hall,167.4,26,2.07,0.909,2258.01,2050.73,207.28,2,0,-170.12
M0065,L014,Clearwater Gaming Hall,2026-01-01,Fire Link,Restaurant,26.5,22,1.27,0.887,1228.68,1088.09,140.59,0,0,-265.06
M0174,L035,Woodland Star Gaming,2025-07-01,Classic Reels,Convenience Store,73.7,23,1.42,0.878,1200.0,1008.92,191.08,0,0,71.56
M0048,L007,Magnolia Gaming Hall,2025-12-01,Video Poker,Gaming Hall,13.1,29,2.21,0.93,3289.47,3010.1,279.37,1,0,502.92
M0033,L011,Sunset Bay Gaming,2025-07-01,Fire Link,Convenience Store,40.1,29,1.73,0.891,1817.1,1630.35,186.75,2,1,500.97
M0123,L012,Riverstone Game Center,2025-05-01,Life of Luxury,Truck Stop,67.8,28,1.84,0.866,2381.01,2096.26,284.75,0,0,873.61
M0036,L041,Palms Gaming Center,2025-08-01,Fire Link,Gaming Hall,77.0,22,0.75,0.931,1405.11,1320.45,84.66,2,0,-849.48
M0166,L043,Victory Lane Gaming,2025-06-01,Pot of Gold,Bar,35.0,27,2.01,0.921,1612.23,1483.4,128.83,1,0,730.29
M0155,L023,Willow Creek Gaming,2026-03-01,Life of Luxury,Bar,104.6,31,1.81,0.907,7646.54,7112.13,534.41,1,0,956.4
M0178,L008,Silver Creek Gaming,2025-08-01,Pot of Gold,Gaming Hall,120.1,20,1.61,0.887,2095.35,1883.85,211.5,0,0,-333.41
M0165,L035,Woodland Star Gaming,2025-06-01,Fire Link,Convenience Store,26.8,23,1.85,0.907,3070.99,2770.87,300.12,1,0,271.09
M0044,L023,Willow Creek Gaming,2025-10-01,Pot of Gold,Convenience Store,41.1,20,1.42,0.94,1200.0,1159.42,40.58,0,0,-900.0
M0039,L039,Crescent Bay Game Center,2026-02-01,Life of Luxury,Gaming Hall,37.8,21,1.32,0.87,2163.57,1853.85,309.72,0,0,-692.75
M0062,L017,Grand Parkway Gaming,2025-05-01,Classic Reels,Gaming Hall,30.6,31,1.52,0.871,2537.85,2165.64,372.21,1,0,716.02
M0085,L045,Summit Point Gaming,2026-05-01,Life of Luxury,Truck Stop,115.2,22,1.39,0.894,2328.51,2069.92,258.59,2,0,-751.69
M0159,L037,Fairway Gaming Hall,2025-09-01,A-Liner,Bar,114.3,22,2.85,0.909,2588.67,2329.53,259.14,1,0,532.59
M0133,L011,Sunset Bay Gaming,2025-12-01,Video Poker,Convenience Store,38.8,20,2.15,0.898,3164.06,2827.47,336.59,6,0,-900.0
M0116,L033,Spring Creek Gaming,2026-06-01,A-Liner,Convenience Store,73.4,31,1.12,0.926,1200.0,1122.69,77.31,1,0,371.26
M0159,L013,Heritage Oaks Gaming,2025-08-01,Life of Luxury,Restaurant,96.6,25,2.77,0.937,4572.62,4282.68,289.94,0,0,194.63
M0117,L016,Red Oak Game Center,2025-04-01,Life of Luxury,Restaurant,56.3,29,1.41,0.917,1889.04,1732.06,156.98,0,0,933.85
M0069,L012,Riverstone Game Center,2026-02-01,A-Liner,Restaurant,36.5,23,1.67,0.924,1200.0,1109.65,90.35,1,0,-745.0
M0075,L031,Oak Ridge Gaming,2025-01-01,Fire Link,Convenience Store,25.1,27,2.14,0.917,6144.07,5463.63,680.44,0,0,164.04
M0094,L012,Riverstone Game Center,2025-09-01,Pot of Gold,Bar,78.4,30,0.57,0.91,1992.53,1776.97,215.56,0,0,1179.08
M0016,L029,Meadowbrook Gaming,2026-06-01,Fire Link,Bar,14.2,28,1.52,0.878,1200.0,1048.05,151.95,1,0,355.5
M0134,L027,Northgate Gaming Hall,2025-08-01,Fire Link,Bar,37.3,26,1.33,0.884,2106.19,1840.57,265.62,0,0,694.1
M0118,L034,Highland Park Gaming,2026-01-01,Life of Luxury,Bar,32.3,22,1.76,0.876,2609.31,2278.5,330.81,2,0,127.5
M0132,L045,Summit Point Gaming,2025-10-01,A-Liner,Gaming Hall,13.3,22,1.85,0.906,2712.04,2502.8,209.24,0,0,351.16
M0097,L001,Bayou Star Gaming,2025-04-01,Pot of Gold,Bar,43.7,27,1.61,0.916,4389.14,4016.53,372.61,0,0,416.65
M0141,L045,Summit Point Gaming,2025-06-01,Life of Luxury,Bar,40.4,25,1.58,0.874,3448.29,2959.09,489.2,1,0,-59.93
M0171,L005,Gulf Coast Gaming,2025-10-01,Classic Reels,Gaming Hall,20.7,20,2.24,0.912,2590.42,2337.81,252.61,1,0,-900.0
M0103,L024,Metro Star Gaming,2025-02-01,Life of Luxury,Gaming Hall,112.2,22,1.82,0.888,6499.14,5904.64,594.5,2,0,-522.44
M0080,L016,Red Oak Game Center,2025-08-01,A-Liner,Restaurant,78.8,25,1.67,0.883,2478.32,2233.93,244.39,0,0,114.43
M0019,L029,Meadowbrook Gaming,2025-08-01,Fire Link,Convenience Store,48.2,22,1.73,0.894,1503.07,1354.49,148.58,1,0,-642.06
M0141,L033,Spring Creek Gaming,2026-04-01,Life of Luxury,Restaurant,87.3,26,2.66,0.882,2394.19,2066.79,327.4,0,0,-229.52
M0163,L039,Crescent Bay Game Center,2025-03-01,Video Poker,Convenience Store,101.8,23,1.74,0.925,2579.25,2395.3,183.95,1,0,-296.95
M0126,L019,Lakeview Game Center,2026-04-01,Life of Luxury,Truck Stop,115.7,23,1.37,0.906,1200.0,1092.73,107.27,1,0,174.81
M0156,L042,Market Square Gaming,2025-08-01,Life of Luxury,Restaurant,26.4,21,0.6,0.93,1200.0,1116.37,83.63,1,1,-825.05
M0156,L015,Prairie View Gaming,2025-12-01,Video Poker,Gaming Hall,87.3,26,0.86,0.899,1200.0,1070.59,129.41,1,0,-479.71
M0144,L010,Bluebonnet Gaming,2025-11-01,Classic Reels,Truck Stop,40.6,22,1.39,0.9,1588.32,1422.58,165.74,1,0,206.82
M0091,L018,Copper Creek Gaming,2025-06-01,A-Liner,Gaming Hall,54.9,27,1.59,0.957,2176.95,2066.63,110.32,0,0,-78.71
M0018,L024,Metro Star Gaming,2026-05-01,Pot of Gold,Convenience Store,27.5,31,1.34,0.869,1200.0,1026.31,173.69,1,0,1173.56
M0001,L031,Oak Ridge Gaming,2025-05-01,Pot of Gold,Restaurant,46.5,30,1.84,0.942,4224.41,4048.64,175.77,1,1,0.89
M0037,L038,Liberty Point Gaming,2025-01-01,A-Liner,Bar,88.2,28,1.34,0.951,1417.91,1363.44,54.47,1,1,-214.39
M0078,L011,Sunset Bay Gaming,2026-02-01,Life of Luxury,Convenience Store,135.5,29,1.15,0.929,3218.11,2978.62,239.49,1,0,867.81
M0134,L014,Clearwater Gaming Hall,2025-12-01,Life of Luxury,Bar,43.0,31,1.99,0.902,3497.8,3169.8,328.0,1,0,130.81
M0083,L043,Victory Lane Gaming,2026-05-01,Classic Reels,Gaming Hall,21.3,28,2.4,0.946,5978.41,5683.53,294.88,0,0,123.75
M0005,L020,Brazos Bend Gaming,2025-09-01,Life of Luxury,Gaming Hall,149.0,23,1.04,0.902,1912.9,1779.22,133.68,1,0,-511.25
M0038,L011,Sunset Bay Gaming,2025-01-01,Pot of Gold,Gaming Hall,25.5,26,1.78,0.892,5253.58,4741.2,512.38,1,0,412.48
M0177,L045,Summit Point Gaming,2025-01-01,Pot of Gold,Gaming Hall,9.1,30,0.6,0.9,1483.41,1349.93,133.48,0,0,1768.74
M0178,L021,Cedar Grove Gaming,2025-08-01,Fire Link,Convenience Store,29.4,28,0.84,0.896,1200.0,1075.75,124.25,1,0,-149.71
M0068,L045,Summit Point Gaming,2025-05-01,A-Liner,Convenience Store,3.9,24,1.33,0.886,1868.98,1646.17,222.81,1,1,-900.0
M0145,L042,Market Square Gaming,2026-05-01,Video Poker,Bar,98.4,22,2.27,0.938,6749.08,6442.62,306.46,0,0,-529.72
M0130,L041,Palms Gaming Center,2025-03-01,Pot of Gold,Restaurant,24.0,21,1.22,0.891,1200.0,1078.59,121.41,0,0,-207.15
M0168,L027,Northgate Gaming Hall,2026-04-01,Life of Luxury,Gaming Hall,16.5,24,1.2,0.909,2471.51,2222.0,249.51,0,0,384.95
M0160,L036,Greenfield Game Center,2025-04-01,Fire Link,Gaming Hall,51.1,29,1.67,0.874,3342.75,2939.77,402.98,0,0,499.16
M0114,L044,Town Center Game Hall,2025-03-01,Fire Link,Restaurant,135.6,26,1.67,0.911,2688.41,2476.16,212.25,1,0,-22.4
M0072,L013,Heritage Oaks Gaming,2025-05-01,Fire Link,Truck Stop,65.9,20,1.22,0.881,1485.07,1271.0,214.07,3,0,76.13
M0113,L002,Cypress Point Gaming,2025-03-01,Video Poker,Bar,14.0,31,2.74,0.88,1558.51,1354.24,204.27,0,0,758.11
M0058,L015,Prairie View Gaming,2025-08-01,Fire Link,Gaming Hall,180.0,24,1.5,0.907,2285.01,2082.45,202.56,1,0,-100.59
M0063,L029,Meadowbrook Gaming,2025-06-01,Fire Link,Restaurant,60.4,24,1.71,0.936,3141.76,2868.13,273.63,1,0,734.32
M0110,L025,Parkside Game Center,2025-10-01,Video Poker,Truck Stop,91.7,29,1.43,0.921,1466.25,1319.34,146.91,0,0,78.08
M0103,L004,Katy Oaks Gaming,2025-10-01,Pot of Gold,Bar,11.1,24,1.89,0.923,3546.72,3262.11,284.61,1,0,-260.37
M0105,L026,Stonebridge Gaming,2025-01-01,Video Poker,Gaming Hall,163.7,27,2.33,0.907,3871.39,3534.19,337.2,0,0,110.16
M0070,L008,Silver Creek Gaming,2025-03-01,Fire Link,Gaming Hall,34.5,31,2.57,0.902,5075.79,4611.12,464.67,0,0,889.39
M0074,L023,Willow Creek Gaming,2025-03-01,Fire Link,Convenience Store,10.1,26,1.23,0.93,2168.57,2057.95,110.62,0,0,-565.74
M0002,L026,Stonebridge Gaming,2025-04-01,Video Poker,Truck Stop,55.7,27,2.26,0.896,4018.14,3604.22,413.92,0,0,528.47
M0109,L029,Meadowbrook Gaming,2025-02-01,Fire Link,Convenience Store,91.7,24,1.95,0.931,2575.84,2386.59,189.25,1,0,-68.0
M0104,L019,Lakeview Game Center,2025-06-01,Fire Link,Bar,73.2,30,2.19,0.941,5740.38,5311.64,428.74,1,0,629.27
M0169,L019,Lakeview Game Center,2025-10-01,Life of Luxury,Convenience Store,72.3,20,1.6,0.889,1413.73,1250.28,163.45,0,0,-373.27
M0091,L031,Oak Ridge Gaming,2025-06-01,A-Liner,Restaurant,68.6,23,1.55,0.893,1200.0,1081.79,118.21,1,0,-251.0
M0085,L034,Highland Park Gaming,2025-06-01,A-Liner,Bar,52.1,31,2.16,0.896,2559.22,2316.18,243.04,0,1,-160.39
M0013,L037,Fairway Gaming Hall,2025-09-01,Life of Luxury,Restaurant,11.0,25,2.18,0.873,1200.0,1051.41,148.59,0,1,-63.61
M0036,L016,Red Oak Game Center,2025-10-01,Classic Reels,Bar,40.1,22,2.51,0.898,3084.02,2789.7,294.32,1,0,-37.86
M0061,L020,Brazos Bend Gaming,2025-06-01,A-Liner,Bar,35.8,24,1.76,0.943,2792.49,2676.09,116.4,1,0,-856.49
M0068,L015,Prairie View Gaming,2025-04-01,Fire Link,Convenience Store,116.0,23,1.59,0.884,2518.38,2228.52,289.86,1,0,406.92
M0066,L024,Metro Star Gaming,2025-08-01,Pot of Gold,Bar,98.5,26,0.3,0.943,1200.0,1151.29,48.71,1,1,-900.0
M0071,L006,Westfield Game Center,2025-01-01,Fire Link,Truck Stop,32.1,22,0.76,0.899,1515.22,1348.97,166.25,1,0,-729.73
M0139,L020,Brazos Bend Gaming,2025-09-01,Pot of Gold,Bar,81.9,24,1.43,0.963,1200.0,1154.54,45.46,2,1,-650.42
M0024,L009,Pine Ridge Game Center,2026-05-01,Pot of Gold,Bar,44.7,30,1.04,0.893,1567.61,1390.83,176.78,0,1,501.69
M0060,L024,Metro Star Gaming,2025-08-01,Fire Link,Bar,9.1,20,2.1,0.906,1290.26,1181.25,109.01,0,0,-25.89
M0030,L039,Crescent Bay Game Center,2025-02-01,Pot of Gold,Convenience Store,3.5,29,0.93,0.887,1200.0,1049.79,150.21,2,1,157.25
M0056,L045,Summit Point Gaming,2026-01-01,Life of Luxury,Bar,75.2,20,1.37,0.893,2731.43,2428.62,302.81,0,0,-567.74
M0124,L021,Cedar Grove Gaming,2025-03-01,A-Liner,Restaurant,18.6,25,1.4,0.943,2222.15,2045.9,176.25,0,0,151.41
M0009,L003,Lone Star Game Center,2025-04-01,Life of Luxury,Bar,18.5,28,2.31,0.922,4278.19,3975.01,303.18,0,0,429.91
M0062,L011,Sunset Bay Gaming,2025-03-01,Video Poker,Bar,26.1,31,1.32,0.936,1756.17,1670.05,86.12,0,0,673.85
M0005,L005,Gulf Coast Gaming,2026-04-01,Video Poker,Convenience Store,76.4,23,1.64,0.877,1200.0,1065.51,134.49,1,0,-315.43
M0172,L035,Woodland Star Gaming,2026-06-01,A-Liner,Gaming Hall,99.4,20,1.76,0.926,2102.25,1967.18,135.07,2,0,-900.0
M0131,L045,Summit Point Gaming,2025-11-01,Video Poker,Convenience Store,98.0,29,2.15,0.886,3795.58,3401.12,394.46,0,0,428.03
M0044,L025,Parkside Game Center,2025-12-01,Video Poker,Bar,7.9,30,2.12,0.877,3520.04,3116.63,403.41,0,0,57.46
M0036,L008,Silver Creek Gaming,2025-12-01,Life of Luxury,Bar,25.1,26,1.63,0.916,1200.0,1108.05,91.95,0,0,508.35
M0018,L001,Bayou Star Gaming,2025-11-01,Classic Reels,Restaurant,21.7,20,0.72,0.916,1200.0,1108.98,91.02,2,1,-900.0
M0086,L044,Town Center Game Hall,2025-10-01,Pot of Gold,Restaurant,76.3,26,1.52,0.911,1200.0,1083.76,116.24,1,0,-900.0
M0136,L015,Prairie View Gaming,2026-06-01,A-Liner,Restaurant,25.5,24,1.64,0.928,2206.89,2042.69,164.2,0,0,334.11
M0106,L006,Westfield Game Center,2026-02-01,Fire Link,Bar,42.2,25,1.81,0.932,1896.1,1768.76,127.34,1,0,-54.46
M0159,L008,Silver Creek Gaming,2025-02-01,Pot of Gold,Bar,81.2,20,1.24,0.947,1200.0,1131.57,68.43,0,0,-900.0
M0062,L012,Riverstone Game Center,2025-08-01,Life of Luxury,Restaurant,48.8,23,2.28,0.88,3272.36,2818.17,454.19,0,0,-218.02
M0051,L030,Crossroads Game Center,2026-06-01,Video Poker,Convenience Store,60.2,31,1.66,0.948,2471.49,2306.34,165.15,0,0,299.57
M0087,L041,Palms Gaming Center,2025-08-01,Life of Luxury,Convenience Store,41.0,20,1.14,0.957,1200.0,1151.71,48.29,1,0,-900.0
M0037,L013,Heritage Oaks Gaming,2025-04-01,Life of Luxury,Convenience Store,92.5,30,1.4,0.901,4363.47,3978.91,384.56,0,0,319.94
M0176,L031,Oak Ridge Gaming,2026-04-01,Life of Luxury,Restaurant,98.9,26,2.71,0.868,4064.24,3528.22,536.02,1,0,1049.21
M0034,L003,Lone Star Game Center,2025-12-01,Fire Link,Gaming Hall,68.6,27,2.02,0.875,2859.17,2596.63,262.54,0,0,563.44
M0087,L001,Bayou Star Gaming,2025-11-01,Classic Reels,Convenience Store,99.2,31,2.23,0.898,2960.49,2625.84,334.65,3,0,1112.27
M0094,L003,Lone Star Game Center,2025-08-01,Classic Reels,Gaming Hall,180.0,22,1.08,0.96,1200.0,1158.41,41.59,3,0,-821.12
M0011,L042,Market Square Gaming,2025-03-01,Fire Link,Bar,80.2,31,1.27,0.91,3831.67,3546.19,285.48,0,0,1036.39
M0085,L027,Northgate Gaming Hall,2025-07-01,Life of Luxury,Convenience Store,45.9,23,1.28,0.895,1344.92,1220.9,124.02,0,0,-537.63
M0082,L037,Fairway Gaming Hall,2025-08-01,Pot of Gold,Bar,61.2,24,1.75,0.893,2602.37,2344.37,258.0,0,0,-16.11
M0047,L001,Bayou Star Gaming,2026-05-01,Fire Link,Bar,106.1,25,1.55,0.877,1200.0,1067.81,132.19,0,0,-18.72
M0024,L002,Cypress Point Gaming,2025-06-01,Classic Reels,Truck Stop,34.2,27,1.38,0.932,1705.23,1590.41,114.82,0,0,498.13
M0009,L039,Crescent Bay Game Center,2025-03-01,Classic Reels,Restaurant,31.9,23,1.45,0.908,1209.18,1122.06,87.12,0,0,-217.82
M0002,L005,Gulf Coast Gaming,2025-08-01,Fire Link,Convenience Store,60.5,29,1.21,0.962,1200.0,1172.88,27.12,0,0,465.89
M0087,L007,Magnolia Gaming Hall,2026-06-01,A-Liner,Truck Stop,45.2,20,1.55,0.926,1341.92,1228.89,113.03,2,0,-581.62
M0017,L024,Metro Star Gaming,2025-09-01,Fire Link,Bar,21.5,27,2.26,0.931,4154.38,3883.76,270.62,0,0,321.57
M0173,L028,Southpoint Game Center,2025-07-01,A-Liner,Restaurant,53.8,27,0.82,0.904,1200.0,1062.52,137.48,0,0,42.43
M0045,L011,Sunset Bay Gaming,2026-01-01,Fire Link,Gaming Hall,121.0,26,1.84,0.883,1803.25,1625.2,178.05,1,0,-268.93
M0118,L021,Cedar Grove Gaming,2025-12-01,A-Liner,Gaming Hall,67.0,27,2.41,0.888,3188.4,2839.88,348.52,1,0,777.41
M0122,L031,Oak Ridge Gaming,2025-06-01,Fire Link,Bar,17.7,28,1.55,0.876,2003.3,1787.31,215.99,1,0,243.41
M0090,L020,Brazos Bend Gaming,2026-06-01,Video Poker,Gaming Hall,74.7,30,1.36,0.933,2521.49,2349.24,172.25,2,0,412.43
M0160,L018,Copper Creek Gaming,2025-11-01,Fire Link,Bar,38.3,22,2.16,0.9,2782.97,2442.68,340.29,3,1,-720.54
M0020,L004,Katy Oaks Gaming,2025-02-01,Pot of Gold,Gaming Hall,177.0,25,1.11,0.934,1499.25,1447.75,51.5,0,0,278.18
M0043,L021,Cedar Grove Gaming,2025-08-01,Life of Luxury,Convenience Store,70.6,26,1.64,0.913,1422.15,1300.66,121.49,3,0,-900.0
M0046,L037,Fairway Gaming Hall,2026-05-01,Fire Link,Gaming Hall,29.2,24,1.08,0.903,1845.69,1644.51,201.18,3,0,-138.22
M0025,L029,Meadowbrook Gaming,2025-08-01,Fire Link,Gaming Hall,78.7,31,0.62,0.881,2011.66,1799.93,211.73,0,0,174.01
M0054,L041,Palms Gaming Center,2025-11-01,A-Liner,Truck Stop,56.7,26,1.57,0.918,2190.97,2064.84,126.13,1,0,151.11
M0057,L006,Westfield Game Center,2025-12-01,Classic Reels,Convenience Store,113.3,27,0.96,0.905,1637.29,1477.77,159.52,0,0,29.16
M0138,L001,Bayou Star Gaming,2026-01-01,Life of Luxury,Truck Stop,31.8,22,1.64,0.933,3094.0,2883.02,210.98,0,0,-730.41
M0055,L025,Parkside Game Center,2026-04-01,A-Liner,Bar,70.5,24,2.26,0.892,4642.21,4154.11,488.1,1,0,269.52
M0158,L009,Pine Ridge Game Center,2025-03-01,Classic Reels,Gaming Hall,11.0,27,2.67,0.925,6699.33,6107.57,591.76,0,0,857.8
M0140,L027,Northgate Gaming Hall,2025-10-01,Fire Link,Convenience Store,48.7,25,1.7,0.951,3822.98,3603.97,219.01,2,2,-833.25
M0163,L041,Palms Gaming Center,2025-10-01,Fire Link,Convenience Store,17.2,29,2.21,0.917,1793.01,1682.53,110.48,0,0,411.94
M0019,L016,Red Oak Game Center,2025-03-01,Pot of Gold,Gaming Hall,55.4,21,1.87,0.93,3345.38,3105.9,239.48,0,0,-120.8
M0178,L025,Parkside Game Center,2026-01-01,Fire Link,Truck Stop,64.6,21,1.44,0.924,3051.98,2789.36,262.62,0,0,322.62
M0111,L031,Oak Ridge Gaming,2025-03-01,Classic Reels,Convenience Store,68.6,24,0.59,0.957,1200.0,1141.89,58.11,0,0,-334.02
M0177,L007,Magnolia Gaming Hall,2025-09-01,Video Poker,Restaurant,31.8,23,2.54,0.919,1717.21,1600.22,116.99,1,0,127.83
M0064,L041,Palms Gaming Center,2025-06-01,A-Liner,Bar,53.3,29,1.07,0.927,1851.19,1672.16,179.03,0,0,456.65
M0172,L010,Bluebonnet Gaming,2025-03-01,Life of Luxury,Convenience Store,104.0,30,2.41,0.909,3023.23,2757.35,265.88,1,1,671.28
M0106,L037,Fairway Gaming Hall,2026-03-01,A-Liner,Gaming Hall,145.4,25,1.95,0.891,5944.59,5472.27,472.32,0,0,166.0
M0013,L030,Crossroads Game Center,2025-05-01,Classic Reels,Truck Stop,54.7,26,1.11,0.88,1200.0,1085.25,114.75,0,1,-495.94
M0074,L007,Magnolia Gaming Hall,2025-05-01,Life of Luxury,Bar,105.9,23,1.82,0.942,1496.05,1419.57,76.48,0,0,-734.39
M0025,L033,Spring Creek Gaming,2026-04-01,Classic Reels,Gaming Hall,23.2,26,2.82,0.885,1736.45,1564.19,172.26,0,0,230.45
M0170,L009,Pine Ridge Game Center,2026-04-01,Pot of Gold,Gaming Hall,35.9,28,2.49,0.929,4784.58,4519.91,264.67,3,1,-508.03
M0055,L027,Northgate Gaming Hall,2025-01-01,Pot of Gold,Convenience Store,59.1,28,1.37,0.92,4348.01,3993.6,354.41,0,0,1146.08
M0041,L044,Town Center Game Hall,2025-06-01,Pot of Gold,Truck Stop,45.5,31,1.26,0.933,2135.23,2015.87,119.36,1,0,144.51
M0100,L043,Victory Lane Gaming,2026-01-01,Pot of Gold,Truck Stop,41.9,26,1.71,0.897,2587.2,2376.25,210.95,0,0,6.34
M0077,L040,Eagle Ridge Gaming,2026-03-01,Video Poker,Restaurant,98.6,24,1.56,0.89,1942.15,1699.06,243.09,0,0,214.69
M0018,L023,Willow Creek Gaming,2026-06-01,Fire Link,Truck Stop,20.0,20,2.31,0.919,2626.68,2432.1,194.58,1,0,97.99
M0147,L026,Stonebridge Gaming,2025-10-01,Life of Luxury,Restaurant,21.8,28,2.06,0.903,2963.69,2689.07,274.62,0,0,829.89
M0153,L014,Clearwater Gaming Hall,2025-01-01,Fire Link,Bar,14.7,29,0.72,0.879,1395.19,1228.1,167.09,0,0,1020.64
M0134,L042,Market Square Gaming,2026-04-01,Fire Link,Convenience Store,60.4,26,1.9,0.958,1577.46,1511.48,65.98,0,0,41.06
M0112,L022,Horizon Game Center,2025-03-01,Life of Luxury,Gaming Hall,38.3,31,1.55,0.89,2813.53,2511.86,301.67,0,0,819.85
M0073,L035,Woodland Star Gaming,2025-03-01,Pot of Gold,Gaming Hall,92.1,23,1.67,0.885,3407.83,3028.83,379.0,1,1,472.41
M0098,L017,Grand Parkway Gaming,2026-01-01,A-Liner,Bar,56.7,20,1.79,0.904,2399.92,2201.74,198.18,1,1,-135.32
M0094,L034,Highland Park Gaming,2025-11-01,Pot of Gold,Gaming Hall,31.1,27,2.31,0.941,7029.85,6655.29,374.56,0,0,799.29
M0030,L011,Sunset Bay Gaming,2025-02-01,Classic Reels,Truck Stop,27.3,21,2.19,0.856,2368.04,2021.99,346.05,2,1,-214.08
M0015,L034,Highland Park Gaming,2025-04-01,Life of Luxury,Truck Stop,3.5,21,1.24,0.939,1598.52,1484.9,113.62,2,0,-167.02
M0046,L003,Lone Star Game Center,2025-11-01,Classic Reels,Bar,43.4,28,1.62,0.887,2636.5,2323.63,312.87,0,0,-19.71
M0082,L005,Gulf Coast Gaming,2025-05-01,Classic Reels,Restaurant,17.5,25,1.4,0.917,1200.0,1104.16,95.84,0,0,12.05
M0029,L016,Red Oak Game Center,2026-01-01,Pot of Gold,Bar,100.1,27,0.72,0.893,1200.0,1061.43,138.57,1,1,369.83
M0020,L022,Horizon Game Center,2025-08-01,Pot of Gold,Gaming Hall,36.8,28,1.59,0.96,2721.0,2643.04,77.96,2,0,407.35
M0154,L033,Spring Creek Gaming,2025-11-01,Video Poker,Bar,12.3,24,2.66,0.913,1712.13,1572.01,140.12,0,0,-15.39
M0068,L017,Grand Parkway Gaming,2025-09-01,Fire Link,Gaming Hall,113.8,27,0.71,0.892,1579.71,1430.78,148.93,1,1,409.75
M0106,L001,Bayou Star Gaming,2025-07-01,A-Liner,Bar,43.9,26,1.64,0.902,3010.47,2692.37,318.1,0,0,448.04
M0095,L015,Prairie View Gaming,2025-07-01,Pot of Gold,Gaming Hall,74.4,26,1.62,0.912,2001.57,1805.47,196.1,0,0,554.98
M0133,L020,Brazos Bend Gaming,2026-01-01,Life of Luxury,Gaming Hall,31.5,28,1.81,0.914,3725.8,3456.17,269.63,1,0,588.38
M0134,L025,Parkside Game Center,2025-10-01,Fire Link,Gaming Hall,116.4,24,1.12,0.921,1418.76,1308.89,109.87,1,0,-7.75
M0054,L029,Meadowbrook Gaming,2025-11-01,Video Poker,Truck Stop,24.3,26,0.87,0.91,1200.0,1089.08,110.92,3,0,13.96
M0153,L012,Riverstone Game Center,2025-11-01,Life of Luxury,Gaming Hall,38.3,27,0.89,0.876,3546.04,3136.06,409.98,0,0,1162.98
M0067,L028,Southpoint Game Center,2025-04-01,Classic Reels,Bar,8.5,21,2.38,0.901,1367.39,1242.87,124.52,3,0,-112.92
M0151,L029,Meadowbrook Gaming,2026-05-01,A-Liner,Convenience Store,114.5,22,1.11,0.925,1200.0,1091.92,108.08,0,0,-587.76
M0073,L035,Woodland Star Gaming,2025-11-01,Pot of Gold,Bar,28.3,21,1.38,0.893,1672.5,1521.33,151.17,0,1,-422.48
M0020,L024,Metro Star Gaming,2026-01-01,Life of Luxury,Bar,61.5,22,2.81,0.927,3452.11,3183.1,269.01,1,0,292.95
M0137,L037,Fairway Gaming Hall,2026-04-01,Life of Luxury,Gaming Hall,67.9,25,1.25,0.911,2538.48,2364.34,174.14,1,0,-67.69
M0006,L010,Bluebonnet Gaming,2026-05-01,Fire Link,Convenience Store,102.2,31,1.84,0.905,6194.97,5507.31,687.66,0,0,548.72
M0140,L033,Spring Creek Gaming,2026-01-01,A-Liner,Convenience Store,58.2,31,2.24,0.94,1819.14,1716.92,102.22,0,0,149.77
M0008,L003,Lone Star Game Center,2026-03-01,Fire Link,Convenience Store,45.9,29,2.21,0.867,2295.65,1985.22,310.43,0,1,-18.81
M0038,L005,Gulf Coast Gaming,2025-09-01,Life of Luxury,Convenience Store,95.2,26,0.92,0.893,1934.14,1681.34,252.8,0,0,-22.45
M0109,L039,Crescent Bay Game Center,2026-02-01,A-Liner,Bar,67.1,22,1.26,0.941,1866.71,1771.32,95.39,2,0,-868.81
M0170,L022,Horizon Game Center,2025-06-01,A-Liner,Bar,40.6,24,1.82,0.956,2770.77,2584.89,185.88,0,0,419.32
M0074,L028,Southpoint Game Center,2026-01-01,Fire Link,Gaming Hall,118.0,29,2.71,0.967,4218.72,4064.74,153.98,1,0,149.52
M0022,L028,Southpoint Game Center,2025-02-01,A-Liner,Bar,70.8,30,1.23,0.911,2692.7,2488.73,203.97,1,0,957.19
M0042,L032,Bay Area Game Center,2026-05-01,Life of Luxury,Gaming Hall,16.1,31,1.38,0.921,3684.28,3369.79,314.49,1,0,286.63
M0162,L012,Riverstone Game Center,2025-05-01,A-Liner,Bar,132.3,24,1.88,0.93,2201.25,2023.29,177.96,2,0,-553.56
M0131,L009,Pine Ridge Game Center,2025-12-01,Fire Link,Convenience Store,30.9,25,1.99,0.942,1777.04,1691.04,86.0,0,0,79.2
M0019,L002,Cypress Point Gaming,2025-01-01,Fire Link,Gaming Hall,101.9,26,2.02,0.918,3803.81,3480.51,323.3,0,0,664.33
M0070,L039,Crescent Bay Game Center,2025-03-01,Pot of Gold,Gaming Hall,12.5,20,1.18,0.933,3092.01,2869.82,222.19,0,0,269.24
M0048,L011,Sunset Bay Gaming,2026-06-01,A-Liner,Convenience Store,94.8,21,1.36,0.921,1200.0,1123.56,76.44,1,0,-863.8
M0033,L026,Stonebridge Gaming,2026-04-01,A-Liner,Bar,17.0,20,1.77,0.923,1200.0,1090.79,109.21,0,0,12.45
M0153,L021,Cedar Grove Gaming,2025-05-01,Life of Luxury,Restaurant,57.1,28,2.34,0.887,2195.77,1935.54,260.23,0,0,-296.34
M0112,L008,Silver Creek Gaming,2025-03-01,Classic Reels,Truck Stop,69.4,22,1.52,0.902,1249.2,1139.77,109.43,2,1,-513.6
M0033,L019,Lakeview Game Center,2026-03-01,Classic Reels,Truck Stop,41.3,28,1.64,0.897,2033.04,1793.58,239.46,1,0,-236.82
M0118,L004,Katy Oaks Gaming,2026-06-01,Pot of Gold,Bar,50.1,24,1.09,0.88,2078.82,1873.65,205.17,1,0,81.02
M0075,L008,Silver Creek Gaming,2025-04-01,A-Liner,Gaming Hall,20.6,29,2.67,0.869,5203.45,4508.26,695.19,0,0,1455.42
M0012,L007,Magnolia Gaming Hall,2025-12-01,Fire Link,Convenience Store,88.2,21,1.73,0.899,1713.03,1557.99,155.04,3,1,-692.83
M0081,L038,Liberty Point Gaming,2025-06-01,Video Poker,Convenience Store,59.3,23,2.24,0.903,2191.44,2001.81,189.63,1,1,-900.0
M0034,L026,Stonebridge Gaming,2026-02-01,Life of Luxury,Convenience Store,24.1,22,1.67,0.913,1945.16,1772.38,172.78,1,0,-490.86
M0045,L042,Market Square Gaming,2025-08-01,Life of Luxury,Bar,60.9,25,1.7,0.924,1200.0,1101.9,98.1,1,0,175.03
M0159,L020,Brazos Bend Gaming,2025-03-01,Fire Link,Gaming Hall,62.3,26,0.82,0.915,2338.14,2138.19,199.95,0,0,550.81
M0128,L010,Bluebonnet Gaming,2025-06-01,Life of Luxury,Gaming Hall,51.9,22,0.47,0.904,1200.0,1095.06,104.94,0,0,-89.73
M0025,L028,Southpoint Game Center,2025-10-01,A-Liner,Gaming Hall,3.6,28,2.34,0.887,2983.77,2611.28,372.49,0,0,-233.74
M0154,L042,Market Square Gaming,2026-03-01,Fire Link,Gaming Hall,36.8,31,1.69,0.932,4195.59,3849.71,345.88,2,1,853.42
M0104,L024,Metro Star Gaming,2025-01-01,Life of Luxury,Truck Stop,87.3,20,1.76,0.907,1795.13,1660.15,134.98,2,0,-175.41
M0158,L001,Bayou Star Gaming,2026-06-01,Fire Link,Gaming Hall,72.1,21,0.96,0.899,1719.46,1530.63,188.83,0,0,-155.6
M0135,L014,Clearwater Gaming Hall,2025-12-01,Video Poker,Convenience Store,70.6,31,1.15,0.905,1430.78,1300.94,129.84,0,0,632.76
M0062,L042,Market Square Gaming,2026-04-01,Classic Reels,Truck Stop,59.0,27,2.23,0.892,2369.85,2108.16,261.69,1,0,407.45
M0097,L024,Metro Star Gaming,2026-05-01,Fire Link,Bar,48.7,31,2.61,0.897,8813.57,7889.08,924.49,1,0,1826.69
M0096,L043,Victory Lane Gaming,2025-03-01,Life of Luxury,Convenience Store,30.7,28,1.31,0.896,2013.48,1838.64,174.84,1,0,376.68
M0130,L023,Willow Creek Gaming,2025-02-01,Pot of Gold,Restaurant,25.5,28,2.02,0.903,2990.48,2697.35,293.13,1,0,309.12
M0045,L001,Bayou Star Gaming,2026-02-01,Video Poker,Bar,154.4,21,1.75,0.926,2296.85,2117.05,179.8,2,0,-585.0
M0060,L040,Eagle Ridge Gaming,2025-04-01,Classic Reels,Bar,28.1,26,1.58,0.92,1276.95,1170.66,106.29,1,0,1.55
M0045,L035,Woodland Star Gaming,2025-03-01,A-Liner,Restaurant,15.5,24,2.67,0.949,6477.41,6107.93,369.48,0,0,224.18
M0054,L033,Spring Creek Gaming,2025-09-01,Video Poker,Restaurant,40.7,30,1.4,0.94,1200.0,1118.35,81.65,1,0,-407.34
M0030,L044,Town Center Game Hall,2026-05-01,Pot of Gold,Restaurant,53.3,20,2.33,0.959,2271.6,2164.85,106.75,2,1,-803.09
M0007,L009,Pine Ridge Game Center,2026-03-01,A-Liner,Truck Stop,94.7,20,1.86,0.924,1565.97,1478.21,87.76,1,0,-173.67
M0170,L041,Palms Gaming Center,2025-10-01,Life of Luxury,Bar,36.9,26,1.64,0.924,1845.2,1720.72,124.48,0,0,588.05
M0014,L011,Sunset Bay Gaming,2025-04-01,Pot of Gold,Restaurant,36.6,31,2.4,0.898,2841.54,2539.93,301.61,0,0,1175.03
M0160,L044,Town Center Game Hall,2025-07-01,Fire Link,Convenience Store,49.7,31,1.81,0.931,1849.54,1743.71,105.83,0,0,584.96
M0001,L009,Pine Ridge Game Center,2026-01-01,Fire Link,Convenience Store,32.0,27,1.6,0.894,3307.8,2894.17,413.63,0,0,598.37
M0140,L025,Parkside Game Center,2025-03-01,Video Poker,Restaurant,12.7,25,2.41,0.873,1469.52,1307.15,162.37,1,0,475.69
M0060,L036,Greenfield Game Center,2025-10-01,Life of Luxury,Restaurant,16.7,23,2.34,0.948,3606.4,3474.92,131.48,0,0,254.87
M0094,L004,Katy Oaks Gaming,2025-01-01,Classic Reels,Truck Stop,112.1,31,2.31,0.879,4218.61,3821.37,397.24,2,1,820.9
M0051,L004,Katy Oaks Gaming,2025-06-01,Classic Reels,Bar,81.3,22,0.25,0.921,1200.0,1119.77,80.23,0,0,-640.14
M0089,L039,Crescent Bay Game Center,2025-05-01,A-Liner,Convenience Store,48.4,21,1.89,0.888,1826.11,1631.17,194.94,2,1,-900.0
M0082,L003,Lone Star Game Center,2026-01-01,Video Poker,Gaming Hall,72.0,26,1.77,0.938,2445.22,2331.5,113.72,0,0,-25.56
M0096,L028,Southpoint Game Center,2026-05-01,Fire Link,Convenience Store,48.7,24,1.63,0.942,1200.0,1121.39,78.61,0,1,-842.85
M0071,L043,Victory Lane Gaming,2025-03-01,Fire Link,Restaurant,29.3,25,1.99,0.923,1550.46,1423.72,126.74,1,0,-592.15
M0097,L028,Southpoint Game Center,2026-03-01,Pot of Gold,Restaurant,20.4,30,1.79,0.941,3305.13,3107.58,197.55,0,0,848.29
M0149,L022,Horizon Game Center,2025-12-01,Life of Luxury,Bar,104.5,23,2.02,0.91,2996.43,2775.97,220.46,2,0,-267.98
M0079,L019,Lakeview Game Center,2026-06-01,Video Poker,Bar,5.0,30,1.5,0.966,2317.16,2214.58,102.58,0,0,666.4
M0066,L029,Meadowbrook Gaming,2026-05-01,Fire Link,Bar,72.8,22,2.47,0.929,2592.18,2378.21,213.97,1,0,-152.03
M0024,L026,Stonebridge Gaming,2025-02-01,Life of Luxury,Gaming Hall,56.5,23,2.08,0.887,2687.5,2391.44,296.06,1,0,-694.29
M0065,L023,Willow Creek Gaming,2026-02-01,Life of Luxury,Gaming Hall,97.6,20,1.95,0.912,2067.23,1903.11,164.12,0,0,-613.49
M0023,L007,Magnolia Gaming Hall,2025-11-01,Fire Link,Truck Stop,74.7,28,1.92,0.906,1516.02,1360.72,155.3,0,0,246.73
M0033,L030,Crossroads Game Center,2025-03-01,Classic Reels,Bar,71.7,30,2.29,0.904,2969.31,2708.14,261.17,0,1,299.91
M0172,L034,Highland Park Gaming,2025-05-01,Life of Luxury,Truck Stop,22.3,30,2.21,0.869,4372.34,3871.36,500.98,0,0,329.61
M0017,L032,Bay Area Game Center,2026-05-01,Classic Reels,Gaming Hall,85.2,22,1.59,0.92,1857.87,1736.0,121.87,2,0,-900.0
M0087,L004,Katy Oaks Gaming,2025-10-01,A-Liner,Restaurant,66.6,29,2.19,0.875,5392.28,4741.11,651.17,2,1,64.32
M0151,L032,Bay Area Game Center,2025-07-01,Classic Reels,Convenience Store,25.0,21,1.75,0.847,1200.0,1015.1,184.9,0,0,162.4
M0172,L033,Spring Creek Gaming,2025-06-01,Life of Luxury,Restaurant,56.9,27,2.7,0.901,2408.36,2220.09,188.27,0,0,374.42
M0027,L009,Pine Ridge Game Center,2026-04-01,A-Liner,Convenience Store,18.3,28,2.25,0.891,2440.98,2175.36,265.62,2,0,649.48
M0030,L039,Crescent Bay Game Center,2025-06-01,Pot of Gold,Restaurant,43.5,21,1.31,0.888,1418.49,1275.63,142.86,0,0,-351.61
M0068,L024,Metro Star Gaming,2025-03-01,Fire Link,Truck Stop,180.0,21,2.93,0.832,1623.77,1389.13,234.64,2,1,-900.0
M0100,L022,Horizon Game Center,2025-11-01,Classic Reels,Convenience Store,21.3,20,0.49,0.889,1200.0,1078.83,121.17,0,0,-234.42
M0173,L033,Spring Creek Gaming,2026-06-01,A-Liner,Gaming Hall,12.5,28,2.0,0.906,3433.8,3069.94,363.86,0,0,558.67
M0038,L023,Willow Creek Gaming,2025-04-01,Life of Luxury,Gaming Hall,16.9,27,1.27,0.894,1200.0,1054.96,145.04,2,1,-490.82
M0030,L025,Parkside Game Center,2025-05-01,Classic Reels,Restaurant,43.0,21,2.69,0.92,1995.62,1828.84,166.78,2,1,-900.0
M0046,L015,Prairie View Gaming,2025-09-01,Pot of Gold,Bar,78.5,26,1.79,0.945,1729.83,1649.42,80.41,1,0,-327.1
M0158,L042,Market Square Gaming,2025-04-01,A-Liner,Convenience Store,50.8,29,1.21,0.923,1200.0,1114.0,86.0,0,0,698.47
M0006,L044,Town Center Game Hall,2025-12-01,Video Poker,Convenience Store,14.4,22,1.5,0.936,1200.0,1154.98,45.02,0,1,-82.11
M0069,L006,Westfield Game Center,2025-05-01,Fire Link,Bar,77.8,27,1.26,0.938,2296.76,2166.35,130.41,1,0,-228.6
M0022,L033,Spring Creek Gaming,2025-03-01,Classic Reels,Restaurant,7.4,23,1.48,0.885,2697.1,2376.34,320.76,0,0,-666.02
M0029,L002,Cypress Point Gaming,2025-05-01,A-Liner,Restaurant,16.0,23,1.47,0.921,1503.44,1364.22,139.22,1,1,-167.76
M0166,L017,Grand Parkway Gaming,2026-05-01,Classic Reels,Restaurant,30.9,24,1.24,0.935,1200.0,1139.0,61.0,0,0,-104.58
M0001,L044,Town Center Game Hall,2026-05-01,A-Liner,Restaurant,102.1,24,1.8,0.899,1938.05,1742.17,195.88,1,0,-798.59
M0058,L008,Silver Creek Gaming,2025-10-01,A-Liner,Truck Stop,52.4,25,1.87,0.89,2047.21,1785.02,262.19,0,0,-900.0
M0165,L017,Grand Parkway Gaming,2025-08-01,Life of Luxury,Convenience Store,53.9,22,1.1,0.923,1200.0,1107.92,92.08,1,1,-900.0
M0110,L010,Bluebonnet Gaming,2026-03-01,Classic Reels,Truck Stop,14.6,24,0.74,0.873,1200.0,1033.26,166.74,0,0,-179.51
M0013,L033,Spring Creek Gaming,2025-04-01,Life of Luxury,Gaming Hall,33.5,27,1.82,0.883,4373.7,3839.64,534.06,0,0,249.8
M0084,L021,Cedar Grove Gaming,2025-12-01,Video Poker,Convenience Store,92.2,24,1.94,0.893,1318.87,1177.85,141.02,0,0,155.27
M0175,L027,Northgate Gaming Hall,2026-01-01,Life of Luxury,Restaurant,63.6,27,2.05,0.921,1200.0,1092.17,107.83,0,0,-155.87
M0073,L043,Victory Lane Gaming,2026-01-01,Life of Luxury,Bar,79.8,21,1.95,0.915,1200.0,1090.98,109.02,0,0,-391.22
M0096,L024,Metro Star Gaming,2025-04-01,Classic Reels,Gaming Hall,48.2,21,2.51,0.936,2042.44,1893.49,148.95,0,0,707.5
M0096,L034,Highland Park Gaming,2026-01-01,Life of Luxury,Convenience Store,92.9,30,2.2,0.887,2499.15,2195.23,303.92,0,1,311.37
M0119,L005,Gulf Coast Gaming,2025-12-01,Fire Link,Bar,14.6,25,3.12,0.886,3526.89,3082.16,444.73,1,0,256.99
M0034,L010,Bluebonnet Gaming,2026-04-01,Classic Reels,Truck Stop,42.2,27,3.36,0.923,3014.3,2764.74,249.56,0,0,288.6
M0152,L043,Victory Lane Gaming,2025-04-01,Pot of Gold,Bar,70.5,28,0.68,0.89,1279.06,1124.63,154.43,1,1,179.09
M0178,L039,Crescent Bay Game Center,2025-12-01,Pot of Gold,Gaming Hall,10.2,21,0.44,0.895,1200.0,1082.45,117.55,0,0,0.49
M0026,L030,Crossroads Game Center,2026-03-01,Fire Link,Convenience Store,2.4,31,1.65,0.864,2560.1,2218.1,342.0,1,1,54.98
M0148,L018,Copper Creek Gaming,2025-06-01,Life of Luxury,Bar,154.4,25,1.93,0.917,3410.23,3176.07,234.16,1,1,-621.03
M0148,L009,Pine Ridge Game Center,2026-02-01,Life of Luxury,Gaming Hall,52.9,30,1.61,0.949,2220.77,2157.79,62.98,1,0,83.93
M0134,L039,Crescent Bay Game Center,2025-02-01,Pot of Gold,Convenience Store,9.1,25,2.04,0.884,1363.99,1216.85,147.14,0,0,11.31
M0067,L036,Greenfield Game Center,2026-01-01,Fire Link,Convenience Store,51.9,24,1.5,0.936,1320.98,1243.56,77.42,1,1,222.18
M0085,L011,Sunset Bay Gaming,2025-11-01,Life of Luxury,Gaming Hall,16.3,27,1.27,0.909,1621.3,1488.17,133.13,0,0,601.62
M0152,L027,Northgate Gaming Hall,2025-04-01,Pot of Gold,Convenience Store,22.3,22,1.35,0.866,1200.0,1045.92,154.08,0,0,-220.79
M0028,L028,Southpoint Game Center,2025-02-01,A-Liner,Convenience Store,104.4,27,1.54,0.888,1203.33,1069.28,134.05,0,0,639.82
M0150,L022,Horizon Game Center,2026-02-01,A-Liner,Restaurant,31.5,31,2.11,0.886,4173.68,3696.41,477.27,1,0,913.83
M0166,L042,Market Square Gaming,2025-05-01,Pot of Gold,Bar,31.3,27,1.38,0.902,2766.75,2461.69,305.06,0,0,-203.0
M0123,L006,Westfield Game Center,2025-09-01,Life of Luxury,Gaming Hall,15.8,20,1.49,0.92,2277.26,2118.0,159.26,0,0,403.3
M0062,L012,Riverstone Game Center,2025-02-01,Video Poker,Truck Stop,37.3,28,1.96,0.956,2853.42,2726.8,126.62,0,0,262.26
M0101,L005,Gulf Coast Gaming,2026-06-01,A-Liner,Convenience Store,55.5,20,1.54,0.874,2101.41,1873.18,228.23,1,0,-900.0
M0010,L032,Bay Area Game Center,2025-10-01,Fire Link,Gaming Hall,31.5,21,2.26,0.898,2081.2,1891.77,189.43,1,0,-900.0
M0168,L029,Meadowbrook Gaming,2026-05-01,Fire Link,Restaurant,180.0,23,1.14,0.888,1200.0,1056.59,143.41,1,0,15.84
M0062,L045,Summit Point Gaming,2025-03-01,Life of Luxury,Gaming Hall,19.7,23,1.02,0.878,2319.57,2071.28,248.29,1,0,-765.62
M0011,L025,Parkside Game Center,2025-04-01,Classic Reels,Restaurant,19.6,20,1.82,0.912,1368.23,1205.78,162.45,0,0,179.18
M0144,L007,Magnolia Gaming Hall,2025-11-01,Video Poker,Restaurant,36.1,20,1.87,0.91,1200.0,1119.8,80.2,1,0,-577.09
M0119,L021,Cedar Grove Gaming,2025-11-01,Video Poker,Truck Stop,167.2,29,1.17,0.865,2113.62,1794.33,319.29,1,0,574.88
M0113,L004,Katy Oaks Gaming,2026-03-01,Life of Luxury,Truck Stop,80.7,25,2.39,0.91,2606.69,2387.58,219.11,0,0,-8.42
M0010,L031,Oak Ridge Gaming,2026-05-01,Life of Luxury,Gaming Hall,30.6,22,2.71,0.88,2535.76,2244.47,291.29,1,0,64.12
M0136,L031,Oak Ridge Gaming,2026-03-01,Pot of Gold,Restaurant,30.7,25,1.3,0.91,1200.0,1108.18,91.82,1,1,-265.66
M0115,L039,Crescent Bay Game Center,2025-03-01,Life of Luxury,Bar,19.0,28,2.47,0.942,3951.06,3706.31,244.75,0,0,486.15
M0143,L016,Red Oak Game Center,2025-06-01,Life of Luxury,Convenience Store,35.2,28,0.34,0.922,1200.0,1075.5,124.5,1,0,-264.94
M0149,L014,Clearwater Gaming Hall,2026-05-01,A-Liner,Convenience Store,41.3,23,2.24,0.914,3619.15,3293.69,325.46,1,0,30.23
M0039,L004,Katy Oaks Gaming,2025-10-01,Life of Luxury,Gaming Hall,78.1,22,1.18,0.897,1397.18,1249.6,147.58,0,0,-900.0
M0038,L019,Lakeview Game Center,2026-04-01,Video Poker,Gaming Hall,66.9,31,2.19,0.912,3383.03,3002.13,380.9,1,1,850.01
M0167,L022,Horizon Game Center,2025-11-01,Pot of Gold,Gaming Hall,34.3,27,1.12,0.924,3621.66,3348.39,273.27,1,0,425.79
M0096,L034,Highland Park Gaming,2025-01-01,Pot of Gold,Gaming Hall,127.9,31,1.61,0.922,4917.38,4470.34,447.04,0,1,739.15
M0079,L034,Highland Park Gaming,2025-09-01,Classic Reels,Gaming Hall,27.2,23,1.2,0.908,1515.44,1387.82,127.62,0,0,-900.0
M0052,L007,Magnolia Gaming Hall,2026-03-01,Classic Reels,Truck Stop,12.3,21,1.53,0.915,1200.0,1094.46,105.54,0,0,-775.28
M0116,L013,Heritage Oaks Gaming,2025-12-01,Fire Link,Bar,57.4,24,2.66,0.877,2541.8,2288.98,252.82,0,0,-118.43
M0136,L024,Metro Star Gaming,2025-03-01,A-Liner,Restaurant,99.2,23,1.59,0.892,1200.0,1066.71,133.29,0,0,39.66
M0001,L016,Red Oak Game Center,2025-04-01,Life of Luxury,Restaurant,46.8,28,2.81,0.928,3508.52,3274.03,234.49,0,0,54.9
M0100,L002,Cypress Point Gaming,2026-04-01,Pot of Gold,Restaurant,15.1,28,1.44,0.931,1504.53,1396.87,107.66,0,0,1434.66
M0179,L039,Crescent Bay Game Center,2026-06-01,Fire Link,Bar,54.0,20,2.47,0.912,5555.5,4958.4,597.1,1,0,-123.77
M0051,L033,Spring Creek Gaming,2026-02-01,Fire Link,Truck Stop,59.1,27,0.76,0.947,1200.0,1133.45,66.55,1,0,-344.68
M0051,L024,Metro Star Gaming,2025-02-01,A-Liner,Restaurant,63.7,24,1.49,0.923,1200.0,1118.45,81.55,0,0,-225.29
